"","cell_barcode","cell_identity"
"1","ko_AAACGAAGTGGTGATG","pMos"
"2","ko_AAAGAACTCCACGGAC","pMos"
"3","ko_AAAGGATAGGTTCATC","pMos"
"4","ko_AAAGGATCACCCAATA","pMos"
"5","ko_AAAGGGCAGCACTCGC","pMos"
"6","ko_AAAGGGCAGCGTTCAT","pMos"
"7","ko_AAAGGTAGTAGTTACC","pMos"
"8","ko_AAAGGTAGTGCATTAC","pMos"
"9","ko_AAAGGTATCGTCTCAC","pMos"
"10","ko_AAAGTCCGTTAGTCGT","pMos"
"11","ko_AACAAAGTCATGACAC","pMos"
"12","ko_AACAACCAGTCTAGCT","pMos"
"13","ko_AACAAGACAAGCTACT","pMos"
"14","ko_AACAGGGAGGTCTGGA","pMos"
"15","ko_AACCAACCAACATCGT","pMos"
"16","ko_AACCAACCAGATCACT","pMos"
"17","ko_AACCAACGTCTTCGAA","pMos"
"18","ko_AACCACAAGTACTGTC","pMos"
"19","ko_AACCACAGTGATCGTT","pMos"
"20","ko_AACCACAGTGTCCAAT","pMos"
"21","ko_AACCACATCCGACAGC","pMos"
"22","ko_AACCATGAGCTCATAC","pMos"
"23","ko_AACCATGTCTCTAAGG","pMos"
"24","ko_AACCCAATCTTAGCTT","pMos"
"25","ko_AACCTGAGTGTCTCCT","pMos"
"26","ko_AACCTTTAGTCTGGAG","pMos"
"27","ko_AACGGGAAGCGGCTCT","pMos"
"28","ko_AACGTCAAGGAAGTAG","pMos"
"29","ko_AACTTCTAGATAGCAT","pMos"
"30","ko_AACTTCTAGTAAGCAT","pMos"
"31","ko_AACTTCTCACCGGCTA","pMos"
"32","ko_AACTTCTTCGAGTACT","pMos"
"33","ko_AACTTCTTCTAACACG","cMos"
"34","ko_AAGAACACAAATGAGT","pMos"
"35","ko_AAGAACATCATCTACT","pMos"
"36","ko_AAGACAAAGCTCTATG","pMos"
"37","ko_AAGACAATCCACCTGT","pMos"
"38","ko_AAGACTCCAGCCTACG","pMos"
"39","ko_AAGACTCTCGGCTCTT","pMos"
"40","ko_AAGATAGGTCGTCGGT","pMos"
"41","ko_AAGCCATTCTGAATCG","pMos"
"42","ko_AAGCGAGAGAACTCCT","pMos"
"43","ko_AAGCGTTCAAAGAACT","pMos"
"44","ko_AAGCGTTCAAATAGCA","cMos"
"45","ko_AAGCGTTGTAGGTAGC","cMos"
"46","ko_AAGCGTTTCGGAACTT","pMos"
"47","ko_AAGGAATAGGCTGTAG","pMos"
"48","ko_AAGGAATAGTCACTGT","pMos"
"49","ko_AAGGAATTCAGCCCAG","pMos"
"50","ko_AAGGTAAAGATAACGT","pMos"
"51","ko_AAGGTAATCCTTCTAA","pMos"
"52","ko_AAGTACCTCGGAAACG","pMos"
"53","ko_AAGTCGTCAATTGGTC","pMos"
"54","ko_AAGTGAATCACTACTT","pMos"
"55","ko_AAGTGAATCCATCTGC","pMos"
"56","ko_AAGTTCGTCGCTCCTA","pMos"
"57","ko_AATAGAGAGAAAGCGA","pMos"
"58","ko_AATCACGAGGTTAGTA","pMos"
"59","ko_AATCGACAGCGTCAGA","pMos"
"60","ko_AATGAAGGTGAGGATC","pMos"
"61","ko_AATGAAGTCTCTAGGA","cMos"
"62","ko_AATGACCAGTACGAGC","pMos"
"63","ko_AATGCCAAGAGTGACC","cMos"
"64","ko_AATGCCAGTAATGCGG","pMos"
"65","ko_AATGGAACAGCATTGT","pMos"
"66","ko_AATGGAAGTCTCACAA","pMos"
"67","ko_AATGGCTAGACATCCT","pMos"
"68","ko_AATGGCTTCCCTCATG","pMos"
"69","ko_AATTTCCAGAATACAC","pMos"
"70","ko_ACAAAGAAGGGTGAGG","pMos"
"71","ko_ACAACCATCGACGACC","pMos"
"72","ko_ACAAGCTCACACGGAA","pMos"
"73","ko_ACAAGCTGTTCATCGA","cMos"
"74","ko_ACACAGTAGCGCCTAC","pMos"
"75","ko_ACACAGTCAAGCAATA","pMos"
"76","ko_ACACAGTGTATGTGTC","pMos"
"77","ko_ACACAGTTCGTTCATT","pMos"
"78","ko_ACACCAACACACCGCA","pMos"
"79","ko_ACACCAACAGCGCGTT","cMos"
"80","ko_ACACCAAGTTGGACTT","pMos"
"81","ko_ACACTGACAACAGTGG","pMos"
"82","ko_ACACTGATCTATGTGG","pMos"
"83","ko_ACAGAAACATAATGCC","pMos"
"84","ko_ACAGAAAGTCAACGCC","pMos"
"85","ko_ACAGAAATCCCGAGAC","pMos"
"86","ko_ACAGGGAAGACCATGG","cMos"
"87","ko_ACAGGGACACACCAGC","pMos"
"88","ko_ACAGGGAGTTGTGGCC","pMos"
"89","ko_ACATCGACACTATCGA","pMos"
"90","ko_ACATCGATCGACATTG","pMos"
"91","ko_ACATGCAGTATAGGGC","pMos"
"92","ko_ACATGCATCACCTCGT","pMos"
"93","ko_ACATTTCCATCACAGT","pMos"
"94","ko_ACATTTCGTGGACAGT","pMos"
"95","ko_ACCAACAAGAACAAGG","pMos"
"96","ko_ACCAACAAGGGCTTCC","pMos"
"97","ko_ACCAACAAGTCTAGAA","pMos"
"98","ko_ACCACAAAGAGCAGTC","cMos"
"99","ko_ACCCAAAAGGTCGTAG","pMos"
"100","ko_ACCCAAACAGTAGAGC","pMos"
"101","ko_ACCCTCAAGCAAACAT","pMos"
"102","ko_ACCCTCAAGCGTCGAA","pMos"
"103","ko_ACCCTCATCAGCGTCG","pMos"
"104","ko_ACCCTTGTCAAAGGAT","pMos"
"105","ko_ACCCTTGTCTCTGCCA","pMos"
"106","ko_ACCGTTCTCTGAATGC","cMos"
"107","ko_ACCTACCTCAGTGTGT","pMos"
"108","ko_ACCTGAATCTACTATC","cMos"
"109","ko_ACCTGTCGTAGCTTAC","pMos"
"110","ko_ACCTGTCGTCATCGCG","pMos"
"111","ko_ACGATCAAGCAATTCC","pMos"
"112","ko_ACGATCAAGGTCCCTG","pMos"
"113","ko_ACGATCATCTGTGCGG","pMos"
"114","ko_ACGATGTCATGGGTCC","pMos"
"115","ko_ACGATGTCATTACGGT","pMos"
"116","ko_ACGATGTGTACATTGC","pMos"
"117","ko_ACGATGTGTGGATGAC","pMos"
"118","ko_ACGATGTTCAGGAGAC","pMos"
"119","ko_ACGCACGTCATCGGGC","pMos"
"120","ko_ACGGGTCCAATCTGCA","pMos"
"121","ko_ACGGGTCGTGCACATT","pMos"
"122","ko_ACGGTCGAGTGCTCGC","pMos"
"123","ko_ACGGTTATCGACATTG","pMos"
"124","ko_ACGTAACTCGAACTCA","pMos"
"125","ko_ACGTACAAGAGGGTGG","pMos"
"126","ko_ACGTAGTGTGCAGGAT","pMos"
"127","ko_ACGTCCTCAACCGTAT","pMos"
"128","ko_ACGTCCTCACGGCCAT","pMos"
"129","ko_ACGTCCTCACTCCACT","pMos"
"130","ko_ACGTCCTGTATTCCTT","cMos"
"131","ko_ACGTCCTTCGAACTCA","pMos"
"132","ko_ACGTTCCTCTAAGAAG","cMos"
"133","ko_ACTACGAAGAGGGCGA","cMos"
"134","ko_ACTACGAAGCATCAGG","cMos"
"135","ko_ACTACGAGTGTTAGCT","pMos"
"136","ko_ACTATCTAGATACCAA","pMos"
"137","ko_ACTATCTGTTGCGAAG","pMos"
"138","ko_ACTATGGTCCGTGACG","pMos"
"139","ko_ACTCCCAAGCTGTTAC","pMos"
"140","ko_ACTCCCATCCGTTGGG","pMos"
"141","ko_ACTCTCGAGGGCTTCC","pMos"
"142","ko_ACTGATGGTCGCATGC","pMos"
"143","ko_ACTGCAAGTAGCGTCC","pMos"
"144","ko_ACTGCAAGTCGCTTGG","pMos"
"145","ko_ACTGCAAGTGGCTTGC","pMos"
"146","ko_ACTGTCCAGCTGTGCC","pMos"
"147","ko_ACTGTGAAGGGCTAAC","pMos"
"148","ko_ACTGTGAAGTCTACCA","pMos"
"149","ko_ACTGTGACACGTTGGC","pMos"
"150","ko_ACTTAGGAGAGCAGCT","pMos"
"151","ko_ACTTAGGGTGCCTTTC","pMos"
"152","ko_ACTTAGGTCTTCGGAA","pMos"
"153","ko_ACTTCCGCAATTCTTC","pMos"
"154","ko_ACTTCCGCAGCTGTAT","pMos"
"155","ko_ACTTCGCTCTTGGGCG","pMos"
"156","ko_ACTTTCACATCCCGTT","pMos"
"157","ko_ACTTTGTCACTTCTCG","pMos"
"158","ko_AGAAATGAGGCTTCCG","cMos"
"159","ko_AGAAATGTCTCCATAT","pMos"
"160","ko_AGAACAACAAGTGGCA","cMos"
"161","ko_AGAACCTAGGCTATCT","cMos"
"162","ko_AGAAGCGCACCATATG","cMos"
"163","ko_AGACAAAGTGCCTGAC","pMos"
"164","ko_AGACAAATCAGGAACG","pMos"
"165","ko_AGACACTCAACATCGT","pMos"
"166","ko_AGACACTTCCTCTCTT","pMos"
"167","ko_AGACCATCACGGTGTC","pMos"
"168","ko_AGACCATTCCTAAACG","pMos"
"169","ko_AGACCCGGTGGCATCC","pMos"
"170","ko_AGACTCAAGCGCCCAT","pMos"
"171","ko_AGACTCACAACCTAAC","pMos"
"172","ko_AGACTCACAGCACCCA","pMos"
"173","ko_AGACTCAGTGCAGTGA","pMos"
"174","ko_AGAGAATAGCGCAATG","pMos"
"175","ko_AGAGAGCTCCCAATAG","pMos"
"176","ko_AGAGCAGTCACTGCTC","pMos"
"177","ko_AGAGCCCCAGTAACAA","pMos"
"178","ko_AGATAGACACTCTCGT","pMos"
"179","ko_AGATAGATCAAAGACA","cMos"
"180","ko_AGATCGTAGTTTCAGC","cMos"
"181","ko_AGATCGTTCTGGACCG","pMos"
"182","ko_AGATGAACAGTTGTCA","cMos"
"183","ko_AGATGAAGTTTGTTGG","pMos"
"184","ko_AGATGCTAGCGCGTTC","pMos"
"185","ko_AGATGCTAGTAATCCC","pMos"
"186","ko_AGATGCTGTACTCGCG","cMos"
"187","ko_AGATGCTTCGCTGTTC","pMos"
"188","ko_AGCATCATCCATAGGT","pMos"
"189","ko_AGCCAATCAAATCGTC","pMos"
"190","ko_AGCCAATTCGCCAGTG","cMos"
"191","ko_AGCCACGAGAGCACTG","pMos"
"192","ko_AGCCACGCACTCGATA","pMos"
"193","ko_AGCCACGCATAGGCGA","pMos"
"194","ko_AGCCACGGTAGAATAC","pMos"
"195","ko_AGCCACGGTGCGTCGT","pMos"
"196","ko_AGCCACGTCTCCTGAC","pMos"
"197","ko_AGCCAGCGTACGTAGG","pMos"
"198","ko_AGCGATTAGCGCCTAC","pMos"
"199","ko_AGCGATTGTGCGTCGT","pMos"
"200","ko_AGCGATTTCTCTTAAC","pMos"
"201","ko_AGCGCCAAGCCATTTG","pMos"
"202","ko_AGCGCCAGTGAGGCAT","pMos"
"203","ko_AGCGCTGCAACTTGGT","pMos"
"204","ko_AGCGTATTCTCCCAAC","pMos"
"205","ko_AGCGTCGAGCAAATGT","pMos"
"206","ko_AGCGTCGAGTCCCAAT","cMos"
"207","ko_AGCTCAACAGGCTATT","pMos"
"208","ko_AGCTCAACATTAGGAA","pMos"
"209","ko_AGCTTCCGTTCGAAGG","pMos"
"210","ko_AGGAAATGTCGTAATC","pMos"
"211","ko_AGGAAATTCACAGTGT","pMos"
"212","ko_AGGACGAAGTGTAGAT","pMos"
"213","ko_AGGATAAGTGAGTAAT","pMos"
"214","ko_AGGATCTAGGACAGCT","pMos"
"215","ko_AGGCATTTCACCGCTT","cMos"
"216","ko_AGGCCACAGCCGTCGT","cMos"
"217","ko_AGGCCACAGCCTCGTG","pMos"
"218","ko_AGGCCACAGTCGCCCA","pMos"
"219","ko_AGGCCACCATTGAAAG","pMos"
"220","ko_AGGGAGTTCCATAGAC","pMos"
"221","ko_AGGGCTCGTTGTAAAG","pMos"
"222","ko_AGGGTCCGTTTACACG","pMos"
"223","ko_AGGGTCCTCGGACTTA","cMos"
"224","ko_AGGGTTTCATAGCACT","cMos"
"225","ko_AGGGTTTGTGAATGTA","pMos"
"226","ko_AGGTAGGAGCATTGTC","pMos"
"227","ko_AGGTAGGGTCGGTGAA","pMos"
"228","ko_AGGTCATCATCGTGCG","cMos"
"229","ko_AGGTCATGTGTGAGCA","cMos"
"230","ko_AGGTCTACAACCCTCT","pMos"
"231","ko_AGGTGTTCAAACTCTG","pMos"
"232","ko_AGGTGTTGTATTAAGG","pMos"
"233","ko_AGGTTACCAGGTGTGA","pMos"
"234","ko_AGGTTGTAGTGTAGAT","pMos"
"235","ko_AGGTTGTGTGAGATAT","pMos"
"236","ko_AGTAACCAGGCCTTCG","pMos"
"237","ko_AGTAACCTCTTGGTGA","cMos"
"238","ko_AGTAGCTGTCAATCTG","pMos"
"239","ko_AGTAGCTGTCCCACGA","pMos"
"240","ko_AGTAGCTGTTCTCACC","pMos"
"241","ko_AGTAGTCGTATGTCAC","pMos"
"242","ko_AGTCAACGTCCTACGG","pMos"
"243","ko_AGTCACATCAGCCCAG","pMos"
"244","ko_AGTCATGGTACACGCC","pMos"
"245","ko_AGTCATGGTCTGTAAC","pMos"
"246","ko_AGTCATGTCCGACAGC","pMos"
"247","ko_AGTCTCCAGCGCTGCT","pMos"
"248","ko_AGTGTTGGTTGTGGCC","pMos"
"249","ko_AGTTAGCCATACTGAC","pMos"
"250","ko_ATACCTTAGGTTAAAC","cMos"
"251","ko_ATACCTTGTTGCATGT","pMos"
"252","ko_ATACTTCTCCTCACCA","pMos"
"253","ko_ATACTTCTCGCGATCG","cMos"
"254","ko_ATAGACCGTTGTAAAG","pMos"
"255","ko_ATAGAGACAGACTGCC","pMos"
"256","ko_ATATCCTCATCTTCGC","pMos"
"257","ko_ATATCCTTCTAGCATG","pMos"
"258","ko_ATCACAGAGGAATCGC","pMos"
"259","ko_ATCACAGAGGTTGGTG","pMos"
"260","ko_ATCACAGAGTAGGATT","pMos"
"261","ko_ATCACGAAGTTCACTG","pMos"
"262","ko_ATCACGAGTGCCTTCT","pMos"
"263","ko_ATCACTTAGCAAACAT","pMos"
"264","ko_ATCATTCAGGTCGAGT","pMos"
"265","ko_ATCCATTAGTATCTGC","pMos"
"266","ko_ATCCATTCACCTAAAC","cMos"
"267","ko_ATCCCTGAGGTACTGG","cMos"
"268","ko_ATCCGTCGTTGGGTAG","pMos"
"269","ko_ATCCTATCACCCTAAA","pMos"
"270","ko_ATCCTATCATGGTGGA","pMos"
"271","ko_ATCCTATGTAATGCTC","pMos"
"272","ko_ATCCTATTCTGGGCGT","pMos"
"273","ko_ATCGATGAGCTAATGA","pMos"
"274","ko_ATCGATGAGGGACTGT","cMos"
"275","ko_ATCGATGCACTGTGTA","pMos"
"276","ko_ATCGATGGTCACTACA","cMos"
"277","ko_ATCGATGGTGACATCT","pMos"
"278","ko_ATCGCCTAGTTATGGA","cMos"
"279","ko_ATCGGATGTGGCAACA","cMos"
"280","ko_ATCGGCGAGGCTATCT","pMos"
"281","ko_ATCGGCGCATTGGGAG","pMos"
"282","ko_ATCGGCGTCACTGTCC","cMos"
"283","ko_ATCGTAGTCGCTAAAC","cMos"
"284","ko_ATCGTGAAGTAACGTA","pMos"
"285","ko_ATCGTGACAACTCCAA","pMos"
"286","ko_ATCGTGAGTATGAGCG","pMos"
"287","ko_ATCGTGAGTTATTCCT","pMos"
"288","ko_ATCGTGATCCATTGCC","pMos"
"289","ko_ATCTCTATCGGTGTTA","cMos"
"290","ko_ATCTTCACAACTTGGT","cMos"
"291","ko_ATCTTCAGTTGCATAC","pMos"
"292","ko_ATCTTCATCTCTCGAC","pMos"
"293","ko_ATGAAAGCACCCTGAG","pMos"
"294","ko_ATGAAAGGTCAACCAT","pMos"
"295","ko_ATGAAAGTCTGCTTTA","pMos"
"296","ko_ATGAGTCAGGGAGTGG","pMos"
"297","ko_ATGAGTCGTACCAATC","pMos"
"298","ko_ATGATCGAGACCAAGC","pMos"
"299","ko_ATGATCGGTATGGTTC","cMos"
"300","ko_ATGCATGCATCACCAA","pMos"
"301","ko_ATGCATGTCTGTACAG","cMos"
"302","ko_ATGCGATAGATTACCC","pMos"
"303","ko_ATGCGATGTTTCAGAC","cMos"
"304","ko_ATGCGATTCGGTAGGA","pMos"
"305","ko_ATGGAGGAGTTTGAGA","pMos"
"306","ko_ATGGAGGCACGTCATA","pMos"
"307","ko_ATGGAGGTCATGGTAC","pMos"
"308","ko_ATGGGAGTCAAGTCTG","pMos"
"309","ko_ATGGGAGTCCCTGTTG","pMos"
"310","ko_ATGGGTTTCACGTCCT","pMos"
"311","ko_ATGGTTGCAACCGTGC","pMos"
"312","ko_ATGTCTTAGCCACCGT","pMos"
"313","ko_ATGTCTTCAAATGAGT","cMos"
"314","ko_ATGTCTTCACAGCTGC","pMos"
"315","ko_ATTACCTCACTACGGC","pMos"
"316","ko_ATTACCTCATTCATCT","pMos"
"317","ko_ATTACCTTCTTCCACG","pMos"
"318","ko_ATTACTCTCACGAACT","pMos"
"319","ko_ATTCAGGCAAAGGATT","pMos"
"320","ko_ATTCAGGCAAGCCCAC","cMos"
"321","ko_ATTCAGGGTCAACCTA","pMos"
"322","ko_ATTCAGGTCACGAACT","pMos"
"323","ko_ATTCATCAGTGACCTT","pMos"
"324","ko_ATTCATCGTCTGTTAG","pMos"
"325","ko_ATTCCATTCAATGCAC","pMos"
"326","ko_ATTCCCGTCTGGCCGA","pMos"
"327","ko_ATTCCTAAGAATGTTG","pMos"
"328","ko_ATTCTACAGGTTCAGG","pMos"
"329","ko_ATTCTACCAGTTGTCA","pMos"
"330","ko_ATTGTTCCAGACATCT","pMos"
"331","ko_ATTGTTCTCGCGGTAC","pMos"
"332","ko_ATTTACCAGGTATTGA","pMos"
"333","ko_ATTTACCTCACGTAGT","pMos"
"334","ko_ATTTCTGAGAAACCAT","pMos"
"335","ko_CAAAGAAAGACGAAGA","pMos"
"336","ko_CAAAGAATCAGCAATC","pMos"
"337","ko_CAAAGAATCGAAGGAC","pMos"
"338","ko_CAAAGAATCTCTGGTC","pMos"
"339","ko_CAACAACCAATAACCC","pMos"
"340","ko_CAACAGTGTATGCGTT","pMos"
"341","ko_CAACCTCCACAAACGG","pMos"
"342","ko_CAACGATGTATCGAAA","pMos"
"343","ko_CAACGGCGTTAAGAAC","pMos"
"344","ko_CAAGACTCAAGGCTTT","pMos"
"345","ko_CAAGCTAAGTAAGGGA","pMos"
"346","ko_CAAGGGATCTACACAG","pMos"
"347","ko_CAATACGAGTGTAGTA","pMos"
"348","ko_CAATACGTCATGAGTC","pMos"
"349","ko_CAATCGAGTAGCGCTC","pMos"
"350","ko_CAATGACGTTTACTGG","pMos"
"351","ko_CAATTTCCACGCTGTG","pMos"
"352","ko_CAATTTCCAGCACAGA","pMos"
"353","ko_CACACAACAACGATTC","cMos"
"354","ko_CACACAACAGTCTGGC","pMos"
"355","ko_CACACAATCCAGCTCT","pMos"
"356","ko_CACAGATTCTCGCTCA","pMos"
"357","ko_CACAGGCTCAGGACAG","pMos"
"358","ko_CACATGAAGCTTAGTC","cMos"
"359","ko_CACATGAGTGCAGTGA","pMos"
"360","ko_CACCGTTAGATGAATC","pMos"
"361","ko_CACGAATTCTTCTGTA","cMos"
"362","ko_CACGTGGAGCTCGTGC","pMos"
"363","ko_CACGTTCAGCATCCCG","pMos"
"364","ko_CACGTTCCACAACATC","pMos"
"365","ko_CACGTTCGTGATACAA","pMos"
"366","ko_CACTAAGCAGCAGTTT","pMos"
"367","ko_CACTAAGTCTAGCAAC","pMos"
"368","ko_CACTGAAGTTCTCCCA","pMos"
"369","ko_CACTGGGGTAGCACAG","pMos"
"370","ko_CACTGTCAGAAGCGGG","pMos"
"371","ko_CACTGTCAGGCTAAAT","pMos"
"372","ko_CACTGTCCAGGACATG","pMos"
"373","ko_CACTTCGAGAGAACCC","pMos"
"374","ko_CACTTCGCAACCGTGC","cMos"
"375","ko_CAGATACAGTTACGGG","pMos"
"376","ko_CAGATACGTGCAATGG","cMos"
"377","ko_CAGATCATCAAAGAAC","pMos"
"378","ko_CAGATTGGTTCAGCTA","cMos"
"379","ko_CAGCAATCATCATCTT","pMos"
"380","ko_CAGCAATTCCGTAGGC","pMos"
"381","ko_CAGCAATTCGCATAGT","cMos"
"382","ko_CAGCAATTCGGTCTGG","pMos"
"383","ko_CAGCACGCATTGGGAG","pMos"
"384","ko_CAGCAGCAGTTGTCGT","cMos"
"385","ko_CAGCAGCCAGGTGGAT","cMos"
"386","ko_CAGCGTGAGACGCAGT","pMos"
"387","ko_CAGCGTGGTTCACGAT","pMos"
"388","ko_CAGGCCAGTCTTCCGT","pMos"
"389","ko_CAGGGCTAGCTAAACA","pMos"
"390","ko_CAGGTATAGCGAGGAG","pMos"
"391","ko_CAGTGCGTCCGATCGG","pMos"
"392","ko_CAGTGCGTCCTTATGT","pMos"
"393","ko_CAGTTAGAGGAGTACC","cMos"
"394","ko_CAGTTAGAGGCTATCT","pMos"
"395","ko_CAGTTAGGTGGCACTC","pMos"
"396","ko_CAGTTAGGTGTTCAGT","pMos"
"397","ko_CAGTTCCCAATCCAGT","pMos"
"398","ko_CAGTTCCGTATGTCCA","pMos"
"399","ko_CATACAGCAAGATGTA","pMos"
"400","ko_CATACCCAGCGCCCAT","pMos"
"401","ko_CATACCCCAGCAGAAC","pMos"
"402","ko_CATACTTAGCTTCGTA","cMos"
"403","ko_CATACTTAGGGTACAC","pMos"
"404","ko_CATAGACAGCTCCACG","pMos"
"405","ko_CATAGACTCCGTACGG","pMos"
"406","ko_CATCAAGAGGTAGTAT","pMos"
"407","ko_CATCAAGTCAAACTGC","pMos"
"408","ko_CATCCACCACCCAAGC","pMos"
"409","ko_CATCCACCACTAAACC","pMos"
"410","ko_CATCCACTCTACGCGG","pMos"
"411","ko_CATCCCAAGCCATTCA","pMos"
"412","ko_CATCCCAAGGCTCAAG","pMos"
"413","ko_CATCCCAGTAGCTAAA","cMos"
"414","ko_CATCCGTCAGACCAGA","pMos"
"415","ko_CATCCGTGTCTATGAC","pMos"
"416","ko_CATCCGTTCGATACGT","pMos"
"417","ko_CATCGCTGTACCATAC","pMos"
"418","ko_CATCGCTTCTCATAGG","pMos"
"419","ko_CATCGGGCAAGTGACG","pMos"
"420","ko_CATGAGTGTCAGTCGC","cMos"
"421","ko_CATGCAACACCTGATA","pMos"
"422","ko_CATGCAACAGACGGAT","pMos"
"423","ko_CATGCAACATGATAGA","cMos"
"424","ko_CATGCAAGTAATACCC","pMos"
"425","ko_CATGCAAGTTGGGCCT","pMos"
"426","ko_CATGCAATCTTAGTTC","pMos"
"427","ko_CATGCCTAGCGGTAAC","cMos"
"428","ko_CATGCCTGTGATACTC","cMos"
"429","ko_CATGCCTTCTTGCAAG","pMos"
"430","ko_CATGCGGCAAGGGTCA","pMos"
"431","ko_CATGCGGGTTATTCTC","pMos"
"432","ko_CATGCGGTCAACCGAT","pMos"
"433","ko_CATGCTCTCTCCCTAG","pMos"
"434","ko_CATGGATCAACTGTGT","pMos"
"435","ko_CATGGATCAGAAACCG","pMos"
"436","ko_CATGGTACAGGTATGG","pMos"
"437","ko_CATGGTAGTCGCCTAG","pMos"
"438","ko_CATGGTAGTTAAGTCC","pMos"
"439","ko_CATTCATCATACTGAC","pMos"
"440","ko_CATTCATGTGCATGAG","pMos"
"441","ko_CATTCATGTGTAAACA","cMos"
"442","ko_CATTCCGAGACGATAT","pMos"
"443","ko_CATTGCCAGCGCCTAC","pMos"
"444","ko_CATTGTTCAGATCCAT","pMos"
"445","ko_CATTGTTCATACTGTG","pMos"
"446","ko_CATTGTTCATGGGCAA","pMos"
"447","ko_CATTGTTGTTCAGTAC","pMos"
"448","ko_CATTTCAAGTACTGGG","pMos"
"449","ko_CATTTCAGTGGAATGC","pMos"
"450","ko_CCAAGCGTCTCAGAAC","pMos"
"451","ko_CCAATGAAGTCTCCTC","pMos"
"452","ko_CCAATGACAGACTCTA","pMos"
"453","ko_CCAATGATCCCGGTAG","pMos"
"454","ko_CCAATTTAGGCGCTCT","pMos"
"455","ko_CCACAAACACCCGTAG","pMos"
"456","ko_CCACAAAGTCGTTTCC","pMos"
"457","ko_CCACAAAGTTCGGCCA","pMos"
"458","ko_CCACACTTCTACTGCC","pMos"
"459","ko_CCACCATTCCTCACGT","pMos"
"460","ko_CCACGAGAGAGCCTGA","pMos"
"461","ko_CCACGAGAGTTCGGTT","pMos"
"462","ko_CCACGTTGTATCGAAA","pMos"
"463","ko_CCACGTTGTTGTGCCG","cMos"
"464","ko_CCACTTGAGGTGCTTT","cMos"
"465","ko_CCATAAGCAACTGCTA","pMos"
"466","ko_CCATAAGGTCTCTCCA","pMos"
"467","ko_CCATAAGTCGCCTAGG","pMos"
"468","ko_CCATAAGTCTACGCGG","pMos"
"469","ko_CCATCACGTCACGTGC","pMos"
"470","ko_CCCAACTAGGAAGTGA","pMos"
"471","ko_CCCAACTAGGTATTGA","pMos"
"472","ko_CCCAACTCACATATCG","pMos"
"473","ko_CCCGAAGTCACACCCT","cMos"
"474","ko_CCCGAAGTCGCGGTAC","pMos"
"475","ko_CCCGAAGTCTCTGGTC","pMos"
"476","ko_CCCGGAAAGCCAGTAG","pMos"
"477","ko_CCCGGAAAGGGAGAAT","pMos"
"478","ko_CCCTAACGTGGGCTTC","pMos"
"479","ko_CCCTAACTCTTCTGTA","pMos"
"480","ko_CCCTCAAAGGACGCAT","cMos"
"481","ko_CCCTCAAAGGCCCGTT","pMos"
"482","ko_CCCTCAAAGTCTGGTT","pMos"
"483","ko_CCCTCAACAGAATTCC","pMos"
"484","ko_CCCTCTCTCAAGGACG","pMos"
"485","ko_CCCTTAGTCACCATGA","pMos"
"486","ko_CCGAACGCAAATACAG","pMos"
"487","ko_CCGAACGCACAGGATG","pMos"
"488","ko_CCGAACGGTGAGGCAT","cMos"
"489","ko_CCGATCTGTTTCGTGA","pMos"
"490","ko_CCGATGGCAGTAGTTC","pMos"
"491","ko_CCGATGGGTACCGGCT","pMos"
"492","ko_CCGATGGTCATTCGGA","pMos"
"493","ko_CCGATGGTCTCCCTAG","pMos"
"494","ko_CCGCAAGAGTTTGAGA","pMos"
"495","ko_CCGCAAGTCATTTGCT","cMos"
"496","ko_CCGGACACAGTTTCGA","pMos"
"497","ko_CCGGACACATGAATAG","pMos"
"498","ko_CCGGACAGTTACGCCG","pMos"
"499","ko_CCGGACAGTTGCGTAT","pMos"
"500","ko_CCGGGTAGTGCCCTTT","pMos"
"501","ko_CCGGTAGAGTAAACGT","pMos"
"502","ko_CCGGTAGAGTTCCTGA","pMos"
"503","ko_CCGGTGACAAGTGGAC","pMos"
"504","ko_CCGTAGGCAGATACCT","cMos"
"505","ko_CCGTAGGCAGATCCTA","pMos"
"506","ko_CCGTAGGCAGGCGATA","pMos"
"507","ko_CCGTAGGTCTTGCAAG","pMos"
"508","ko_CCGTGAGAGGCATGCA","cMos"
"509","ko_CCGTTCATCGACCAAT","pMos"
"510","ko_CCTAAGACATAAGCAA","pMos"
"511","ko_CCTAAGACATATCGGT","pMos"
"512","ko_CCTACGTGTGCTTATG","pMos"
"513","ko_CCTATCGGTACCGGAA","cMos"
"514","ko_CCTCACAAGATAGCAT","pMos"
"515","ko_CCTCATGGTTAATGAG","pMos"
"516","ko_CCTCATGTCGCTGCGA","pMos"
"517","ko_CCTCCAACAGTTGTCA","pMos"
"518","ko_CCTCCAATCGCAGTGC","pMos"
"519","ko_CCTCCTCGTGCCTAAT","pMos"
"520","ko_CCTCCTCTCGGTGTTA","pMos"
"521","ko_CCTCTAGTCTACGCGG","pMos"
"522","ko_CCTCTCCCATGTGGTT","pMos"
"523","ko_CCTGCATAGATGGTAT","pMos"
"524","ko_CCTGCATAGCACTCGC","pMos"
"525","ko_CCTGCATGTGATACCT","pMos"
"526","ko_CCTGTTGCACAAATAG","cMos"
"527","ko_CCTGTTGTCGTTCAGA","cMos"
"528","ko_CCTTCAGCACCGTCTT","pMos"
"529","ko_CCTTCAGCAGCGTTTA","pMos"
"530","ko_CCTTCAGGTTGCTTGA","pMos"
"531","ko_CCTTGTGCAGAGGCTA","pMos"
"532","ko_CCTTGTGCATTCAGCA","cMos"
"533","ko_CCTTGTGTCTTGGTGA","pMos"
"534","ko_CCTTTGGGTATGTCAC","cMos"
"535","ko_CGAAGGAAGTTACTCG","pMos"
"536","ko_CGAAGGAGTACCACGC","pMos"
"537","ko_CGAAGGAGTGATTCTG","pMos"
"538","ko_CGAAGTTCAGATACTC","pMos"
"539","ko_CGAAGTTCATACACCA","pMos"
"540","ko_CGAAGTTCATTGTACG","cMos"
"541","ko_CGAATTGCATCGCCTT","pMos"
"542","ko_CGAATTGGTTGTCCCT","pMos"
"543","ko_CGACAGCCATTGTACG","pMos"
"544","ko_CGACAGCGTCCGGTGT","pMos"
"545","ko_CGAGAAGGTGTTTGCA","pMos"
"546","ko_CGAGGAACAGAGCTAG","pMos"
"547","ko_CGAGGAAGTACGTGTT","pMos"
"548","ko_CGAGGAAGTCGCGGTT","cMos"
"549","ko_CGAGTGCTCCAAGAGG","cMos"
"550","ko_CGAGTTATCACGGAGA","pMos"
"551","ko_CGATCGGAGGAACGTC","pMos"
"552","ko_CGATGCGAGAGAGTGA","pMos"
"553","ko_CGATGGCAGAGCAACC","pMos"
"554","ko_CGCAGGTAGCTTCGTA","pMos"
"555","ko_CGCAGGTAGTCACTCA","pMos"
"556","ko_CGCATAAAGCTAAGTA","pMos"
"557","ko_CGCATAACACAGCGCT","pMos"
"558","ko_CGCATGGAGACCGCCT","pMos"
"559","ko_CGCATGGAGTTGTAGA","pMos"
"560","ko_CGCATGGGTCAGCGTC","pMos"
"561","ko_CGCATGGGTTGCATCA","pMos"
"562","ko_CGCATGGTCCCATGGG","pMos"
"563","ko_CGCCAGACAGTAACGG","pMos"
"564","ko_CGCCAGAGTCAACCTA","pMos"
"565","ko_CGCGTGAGTGGCATCC","pMos"
"566","ko_CGGAACCGTAGCGCTC","pMos"
"567","ko_CGGAATTCAACAAGAT","pMos"
"568","ko_CGGACACCATAGGTAA","pMos"
"569","ko_CGGAGAACAGGCGAAT","pMos"
"570","ko_CGGAGAATCGTTGCCT","pMos"
"571","ko_CGGGACTAGAGGTCAC","pMos"
"572","ko_CGGGACTTCGTCTAAG","pMos"
"573","ko_CGGGCATAGTCGCCCA","pMos"
"574","ko_CGGGCATGTAGCTTGT","pMos"
"575","ko_CGGGTCAGTAACTTCG","pMos"
"576","ko_CGGGTCATCGCTGACG","pMos"
"577","ko_CGGGTCATCTCGGTAA","cMos"
"578","ko_CGGGTGTAGAAGCCAC","pMos"
"579","ko_CGGTCAGAGCAATTAG","pMos"
"580","ko_CGGTCAGAGTTGCGCC","pMos"
"581","ko_CGGTCAGCATGATGCT","pMos"
"582","ko_CGTAAGTGTCCGACGT","pMos"
"583","ko_CGTAAGTTCACCACAA","pMos"
"584","ko_CGTAAGTTCCACACCT","pMos"
"585","ko_CGTAATGAGCTCGACC","pMos"
"586","ko_CGTAATGCATGAGATA","cMos"
"587","ko_CGTAATGGTCAAGCCC","pMos"
"588","ko_CGTAGTAAGCAATAAC","pMos"
"589","ko_CGTAGTAAGTTCCGTA","pMos"
"590","ko_CGTAGTACAGCCATTA","pMos"
"591","ko_CGTAGTAGTCGCGGTT","pMos"
"592","ko_CGTCAAACATCGGCCA","pMos"
"593","ko_CGTCAAATCAGTGGGA","pMos"
"594","ko_CGTGAATTCGTGTCAA","pMos"
"595","ko_CGTGATAGTACGGGAT","pMos"
"596","ko_CGTGATATCAGAATAG","pMos"
"597","ko_CGTGCTTGTAGACAAT","pMos"
"598","ko_CGTTAGACAATCACGT","pMos"
"599","ko_CGTTAGACATTCGGGC","pMos"
"600","ko_CGTTAGATCTAATTCC","pMos"
"601","ko_CGTTCTGTCCTTATAC","cMos"
"602","ko_CGTTGGGAGGGTCAAC","pMos"
"603","ko_CGTTGGGAGTGCCTCG","pMos"
"604","ko_CTAACCCAGACTACGG","cMos"
"605","ko_CTAACCCAGCATCCCG","pMos"
"606","ko_CTAACCCGTGCGACAA","pMos"
"607","ko_CTAAGTGCAATCGCCG","cMos"
"608","ko_CTAAGTGGTACTCGTA","pMos"
"609","ko_CTAAGTGTCTAGACAC","pMos"
"610","ko_CTAAGTGTCTTACGGA","pMos"
"611","ko_CTACAGAAGCCTCTTC","cMos"
"612","ko_CTACCCATCTTGGATG","pMos"
"613","ko_CTACCTGAGTACCCTA","cMos"
"614","ko_CTACCTGCACGAGGTA","pMos"
"615","ko_CTACCTGGTACGCTAT","pMos"
"616","ko_CTACCTGGTTAAGTCC","pMos"
"617","ko_CTACCTGGTTGCTCCT","pMos"
"618","ko_CTACCTGTCAGAGTTC","pMos"
"619","ko_CTACGGGAGCAGCCCT","pMos"
"620","ko_CTACGGGTCCCTCTAG","pMos"
"621","ko_CTACTATGTCGAATTC","pMos"
"622","ko_CTACTATGTCGGAAAC","pMos"
"623","ko_CTACTATGTTAACCTG","pMos"
"624","ko_CTACTATTCGTAACCA","pMos"
"625","ko_CTAGACAGTGTAAACA","pMos"
"626","ko_CTAGGTAGTACAGTTC","cMos"
"627","ko_CTAGGTATCTTGTTAC","cMos"
"628","ko_CTATAGGAGTCCCAAT","pMos"
"629","ko_CTATAGGGTGCTTATG","pMos"
"630","ko_CTATCTACAGAGATGC","pMos"
"631","ko_CTCAAGAGTGATGTAA","cMos"
"632","ko_CTCAGAAAGGCAATGC","pMos"
"633","ko_CTCAGAACAATCGCAT","pMos"
"634","ko_CTCAGAATCATTCGGA","pMos"
"635","ko_CTCAGGGTCGTTGTGA","cMos"
"636","ko_CTCAGTCAGCTAAGTA","pMos"
"637","ko_CTCAGTCGTATAGCTC","cMos"
"638","ko_CTCAGTCTCGGCTTCT","pMos"
"639","ko_CTCATCGAGATACATG","pMos"
"640","ko_CTCATCGGTGCATACT","pMos"
"641","ko_CTCATCGTCCACGTGG","pMos"
"642","ko_CTCATTATCCTGGTCT","pMos"
"643","ko_CTCCAACAGAATTGCA","pMos"
"644","ko_CTCCAACGTCTCAGAT","pMos"
"645","ko_CTCCAACGTGAGAACC","pMos"
"646","ko_CTCCATGCACGACTAT","pMos"
"647","ko_CTCCATGCAGACATCT","pMos"
"648","ko_CTCCATGGTAGAGCTG","cMos"
"649","ko_CTCCCAACACCTGATA","cMos"
"650","ko_CTCCCTCTCCATCTCG","pMos"
"651","ko_CTCCGATAGAGCTGAC","pMos"
"652","ko_CTCCGATGTTCGTACA","pMos"
"653","ko_CTCCTCCAGACTTAAG","cMos"
"654","ko_CTCCTCCGTACGGCAA","pMos"
"655","ko_CTCCTTTTCCGCTTAC","pMos"
"656","ko_CTCGAGGAGAATAACC","pMos"
"657","ko_CTCTCAGCACGGTCTG","pMos"
"658","ko_CTCTCAGCAGCGATTT","pMos"
"659","ko_CTCTCAGTCCACAAGT","pMos"
"660","ko_CTCTCGAGTAGATCCT","cMos"
"661","ko_CTCTCGAGTTTACGTG","cMos"
"662","ko_CTCTCGATCGACTCCT","pMos"
"663","ko_CTCTGGTGTCATGGCC","pMos"
"664","ko_CTCTGGTTCAGATTGC","pMos"
"665","ko_CTCTGGTTCCAGCCTT","pMos"
"666","ko_CTGAATGTCATCACAG","pMos"
"667","ko_CTGAATGTCCGATAAC","pMos"
"668","ko_CTGAGGCTCCGTTGGG","pMos"
"669","ko_CTGAGGCTCTGGCTGG","cMos"
"670","ko_CTGCAGGCACGCTATA","pMos"
"671","ko_CTGCATCAGACTCAAA","pMos"
"672","ko_CTGCATCTCTCAGTCC","pMos"
"673","ko_CTGCCATGTCCCGGTA","pMos"
"674","ko_CTGCCATTCGTGGACC","pMos"
"675","ko_CTGCCTAAGTAGCTCT","pMos"
"676","ko_CTGCCTAGTTAAGACA","pMos"
"677","ko_CTGCCTATCGGAGTAG","pMos"
"678","ko_CTGCGAGGTCTTGTCC","cMos"
"679","ko_CTGCTCAAGACAAGCC","cMos"
"680","ko_CTGCTCACAATACAGA","pMos"
"681","ko_CTGCTCAGTGATGAAT","pMos"
"682","ko_CTGGCAGGTAGGCTCC","pMos"
"683","ko_CTGGCAGTCGGCCAAC","pMos"
"684","ko_CTGTACCAGTCGAATA","pMos"
"685","ko_CTGTACCCACTGAGTT","pMos"
"686","ko_CTGTAGAGTTGTTGCA","cMos"
"687","ko_CTGTAGATCCTTCTTC","pMos"
"688","ko_CTGTATTAGCTGCCTG","pMos"
"689","ko_CTGTATTCACCATTCC","pMos"
"690","ko_CTGTCGTAGCCAAGTG","cMos"
"691","ko_CTGTGAACATACTGTG","pMos"
"692","ko_CTGTGAAGTAACATCC","pMos"
"693","ko_CTTACCGAGTCGTCTA","pMos"
"694","ko_CTTACCGGTCCGAAGA","pMos"
"695","ko_CTTAGGAGTCTCGGGT","pMos"
"696","ko_CTTAGGAGTTGAGGAC","pMos"
"697","ko_CTTCCTTAGAATCGAT","pMos"
"698","ko_CTTCCTTTCCTTCAGC","pMos"
"699","ko_CTTCTAAAGACGACGT","pMos"
"700","ko_CTTCTCTGTATTTCTC","pMos"
"701","ko_CTTGATTTCATTTCCA","cMos"
"702","ko_CTTTCAAAGACATACA","pMos"
"703","ko_CTTTCAAAGGTGCTGA","pMos"
"704","ko_CTTTCAAGTATACCTG","pMos"
"705","ko_CTTTCGGCACAGCATT","pMos"
"706","ko_GAAACCTTCAACGAGG","pMos"
"707","ko_GAAATGAAGTTAGTAG","cMos"
"708","ko_GAAATGATCATGAAAG","pMos"
"709","ko_GAACACTCAGAAATTG","cMos"
"710","ko_GAACGTTGTAGGAGTC","pMos"
"711","ko_GAACGTTTCAATGTCG","cMos"
"712","ko_GAACTGTAGAATCGAT","pMos"
"713","ko_GAACTGTAGCATGCAG","cMos"
"714","ko_GAACTGTGTGGCATCC","pMos"
"715","ko_GAACTGTTCTAGGAAA","pMos"
"716","ko_GAAGAATTCATTTCGT","cMos"
"717","ko_GAAGCCCCACAATGTC","pMos"
"718","ko_GAAGCCCTCGATTGAC","pMos"
"719","ko_GAAGCGATCCGTGTCT","pMos"
"720","ko_GAAGGACAGGTCACTT","pMos"
"721","ko_GAAGGGTTCAGTGTTG","pMos"
"722","ko_GAAGGGTTCCGATCGG","pMos"
"723","ko_GAATAGAGTCTCAAGT","pMos"
"724","ko_GAATAGAGTGTACAGG","cMos"
"725","ko_GAATAGATCCCATACC","pMos"
"726","ko_GAATAGATCGATGGAG","pMos"
"727","ko_GAATCACAGCAATAAC","pMos"
"728","ko_GAATCACGTTCAAGTC","pMos"
"729","ko_GAATCACGTTGCCAAT","cMos"
"730","ko_GACACGCAGCATAGGC","pMos"
"731","ko_GACACGCCAGGAGGTT","pMos"
"732","ko_GACACGCCATCCGAGC","pMos"
"733","ko_GACACGCGTTAAGGGC","pMos"
"734","ko_GACATCACAACACAAA","pMos"
"735","ko_GACCAATAGGTCGTGA","pMos"
"736","ko_GACCAATAGTGTTGAA","pMos"
"737","ko_GACCAATCAGTTAGAA","cMos"
"738","ko_GACCAATGTTGGGAAC","pMos"
"739","ko_GACCCAGGTATCGCGC","pMos"
"740","ko_GACCCAGGTTTCTATC","pMos"
"741","ko_GACCGTGAGTAGGCCA","cMos"
"742","ko_GACCGTGGTAACTTCG","pMos"
"743","ko_GACGTTACACGGTAGA","pMos"
"744","ko_GACTATGAGAGGATCC","pMos"
"745","ko_GACTATGGTGAATATG","pMos"
"746","ko_GACTATGTCAAGTCTG","pMos"
"747","ko_GACTATGTCATGCTAG","pMos"
"748","ko_GACTCAACACCTCGTT","pMos"
"749","ko_GACTCTCCACTGGCGT","pMos"
"750","ko_GACTGATGTGTGGACA","pMos"
"751","ko_GACTTCCGTAGGGAGG","cMos"
"752","ko_GAGACTTAGCAAATCA","pMos"
"753","ko_GAGACTTGTGTTAAAG","pMos"
"754","ko_GAGAGGTAGAGAGCGG","pMos"
"755","ko_GAGAGGTAGCTCGACC","pMos"
"756","ko_GAGAGGTCAGCATCTA","pMos"
"757","ko_GAGCCTGAGCCGAATG","pMos"
"758","ko_GAGCCTGTCACGTAGT","pMos"
"759","ko_GAGCTGCAGGTTCATC","pMos"
"760","ko_GAGGCAAGTGCATACT","pMos"
"761","ko_GAGGCCTCAGGTCTCG","pMos"
"762","ko_GAGGGATCAAATGCTC","pMos"
"763","ko_GAGGGATTCTAGTACG","pMos"
"764","ko_GAGGGTAGTGAGTTGG","pMos"
"765","ko_GAGTCTAAGCCTGAAG","pMos"
"766","ko_GAGTCTACAGCACGAA","cMos"
"767","ko_GAGTGAGGTCGAGATG","pMos"
"768","ko_GAGTGTTGTGAATGAT","pMos"
"769","ko_GAGTGTTGTGGGCTTC","pMos"
"770","ko_GAGTGTTTCACGAGGA","pMos"
"771","ko_GAGTTACAGACTCAAA","pMos"
"772","ko_GAGTTACAGTTCTACG","cMos"
"773","ko_GAGTTACGTATCGATC","pMos"
"774","ko_GAGTTACTCTTGCGCT","pMos"
"775","ko_GAGTTGTAGATGTTAG","pMos"
"776","ko_GAGTTGTCAACGTAAA","pMos"
"777","ko_GAGTTTGCATCGATCA","pMos"
"778","ko_GAGTTTGGTTATGACC","pMos"
"779","ko_GATAGAACACAAGTTC","pMos"
"780","ko_GATAGAAGTTCCGGTG","pMos"
"781","ko_GATAGAATCTAGCCAA","pMos"
"782","ko_GATAGCTTCGCCGTGA","pMos"
"783","ko_GATCAGTCAGCGACAA","pMos"
"784","ko_GATCAGTTCCACGTCT","pMos"
"785","ko_GATCATGAGGTTGCCC","pMos"
"786","ko_GATCCCTGTGGACAGT","pMos"
"787","ko_GATCCCTTCGCGTCGA","pMos"
"788","ko_GATCCCTTCGGCATAT","pMos"
"789","ko_GATCGTAAGTGCACTT","cMos"
"790","ko_GATGACTGTCTTCAAG","pMos"
"791","ko_GATGACTTCTGGGAGA","pMos"
"792","ko_GATGAGGAGTTGCCCG","pMos"
"793","ko_GATGAGGTCTGCGTCT","pMos"
"794","ko_GATGATCAGAGTCAAT","pMos"
"795","ko_GATGATCTCGCTTAAG","pMos"
"796","ko_GATGCTATCGTGCGAC","pMos"
"797","ko_GATGGAGCAGCTGAGA","pMos"
"798","ko_GATGTTGAGTATTGCC","pMos"
"799","ko_GATGTTGCATTCTGTT","pMos"
"800","ko_GATGTTGGTTAAGAAC","pMos"
"801","ko_GATGTTGTCGAGAAGC","pMos"
"802","ko_GATTCGAAGACGGAAA","pMos"
"803","ko_GATTCGAAGTGAGCCA","pMos"
"804","ko_GATTCGAGTAGGTCAG","pMos"
"805","ko_GATTCTTAGCAAGTGC","pMos"
"806","ko_GATTCTTTCTGACGCG","pMos"
"807","ko_GATTGGTCATAATGAG","cMos"
"808","ko_GATTGGTGTCAAGTTC","pMos"
"809","ko_GATTTCTCAAGAATGT","cMos"
"810","ko_GCAACATTCCACTGAA","pMos"
"811","ko_GCAACCGCAAACACCT","pMos"
"812","ko_GCAACCGCACCCATAA","pMos"
"813","ko_GCAACCGTCAGCGCGT","cMos"
"814","ko_GCAACCGTCGGAACTT","cMos"
"815","ko_GCACATAAGATTGATG","pMos"
"816","ko_GCACATATCGGCTGGT","cMos"
"817","ko_GCACGTGCACACGTGC","pMos"
"818","ko_GCACTAATCTCTGCTG","pMos"
"819","ko_GCAGCCAGTTAACAGA","pMos"
"820","ko_GCAGCTGGTCGCATGC","pMos"
"821","ko_GCAGGCTAGCTATCTG","cMos"
"822","ko_GCAGGCTCAGTCTGGC","pMos"
"823","ko_GCAGTTAAGCGTCTCG","pMos"
"824","ko_GCAGTTATCACGGGAA","cMos"
"825","ko_GCATCGGAGCGCACAA","pMos"
"826","ko_GCATCGGAGTAACGTA","pMos"
"827","ko_GCATCTCCACGCTGAC","pMos"
"828","ko_GCATCTCCAGCGTATT","pMos"
"829","ko_GCATGATGTAAGTTGA","pMos"
"830","ko_GCCAGCAGTGATCGTT","cMos"
"831","ko_GCCAGGTAGTGTACCT","pMos"
"832","ko_GCCAGGTTCAACTACG","pMos"
"833","ko_GCCAGGTTCCTTCGAC","pMos"
"834","ko_GCCAGTGCATCTTAGG","cMos"
"835","ko_GCCAGTGGTTATCTGG","pMos"
"836","ko_GCCAGTGTCGATTGGT","pMos"
"837","ko_GCCATGGAGACTCATC","pMos"
"838","ko_GCCATGGAGATTCGCT","cMos"
"839","ko_GCCATTCGTGCCCGTA","cMos"
"840","ko_GCCCGAAGTTGCCAAT","pMos"
"841","ko_GCCCGAATCAGTGGGA","pMos"
"842","ko_GCCGATGGTACAAGTA","cMos"
"843","ko_GCCGTGACACAACGAG","pMos"
"844","ko_GCCTGTTAGAACCCGA","pMos"
"845","ko_GCCTGTTCATATTCGG","pMos"
"846","ko_GCCTGTTCATGGCGCT","cMos"
"847","ko_GCGAGAAAGATGACCG","pMos"
"848","ko_GCGAGAACACAGTGTT","pMos"
"849","ko_GCGAGAACAGCTAACT","pMos"
"850","ko_GCGAGAAGTTCAAGTC","cMos"
"851","ko_GCGAGAATCAGAGTGG","pMos"
"852","ko_GCGATCGAGCGAGAAA","pMos"
"853","ko_GCGATCGAGTAAATGC","pMos"
"854","ko_GCGATCGTCCTTCTGG","pMos"
"855","ko_GCGGAAAGTGGGCTCT","cMos"
"856","ko_GCGTTTCTCGTGCATA","cMos"
"857","ko_GCTACCTGTGTAGGAC","cMos"
"858","ko_GCTGCAGAGGCATCTT","pMos"
"859","ko_GCTGCAGCACAACATC","pMos"
"860","ko_GCTGCAGGTTTAGAGA","pMos"
"861","ko_GCTGGGTGTATCACGT","pMos"
"862","ko_GCTTCACTCCCGAGAC","pMos"
"863","ko_GCTTGGGAGAGCTTTC","pMos"
"864","ko_GCTTGGGCATCCAATG","pMos"
"865","ko_GCTTGGGGTATTCTCT","pMos"
"866","ko_GCTTTCGCATCTGTTT","pMos"
"867","ko_GCTTTCGCATGCTGCG","pMos"
"868","ko_GGAACCCAGGCACTCC","pMos"
"869","ko_GGAACCCGTACTGCGC","pMos"
"870","ko_GGAACCCGTCAAGTTC","pMos"
"871","ko_GGAAGTGTCTGTACAG","pMos"
"872","ko_GGAATCTTCAGACTGT","pMos"
"873","ko_GGAATCTTCTATGTGG","pMos"
"874","ko_GGAATGGAGAGCATCG","pMos"
"875","ko_GGAGATGAGCTACGTT","pMos"
"876","ko_GGAGCAAGTCATACCA","pMos"
"877","ko_GGAGGATAGCAGCGAT","pMos"
"878","ko_GGAGGATCAAATGATG","pMos"
"879","ko_GGAGGATGTAAGATCA","pMos"
"880","ko_GGAGGTAAGGACTTCT","pMos"
"881","ko_GGAGGTACAGACCCGT","pMos"
"882","ko_GGAGGTACATTGTCGA","pMos"
"883","ko_GGAGGTATCACTGTTT","cMos"
"884","ko_GGATGTTAGATCACTC","pMos"
"885","ko_GGATGTTAGTTAACAG","pMos"
"886","ko_GGCACGTGTTCCACAA","pMos"
"887","ko_GGCAGTCAGACCGTTT","pMos"
"888","ko_GGCAGTCCAATCGCCG","pMos"
"889","ko_GGCGTCAGTAGAGGAA","cMos"
"890","ko_GGCTGTGCATGACTCA","pMos"
"891","ko_GGCTTGGTCCTGTTGC","cMos"
"892","ko_GGGAAGTAGCCGTTGC","pMos"
"893","ko_GGGAAGTCAACCGACC","pMos"
"894","ko_GGGACAAAGAGTCCGA","pMos"
"895","ko_GGGACTCGTATCATGC","cMos"
"896","ko_GGGACTCTCGCTGTCT","cMos"
"897","ko_GGGAGATGTGCAATAA","cMos"
"898","ko_GGGAGATTCGTCTAAG","pMos"
"899","ko_GGGAGTATCACCTCTG","pMos"
"900","ko_GGGAGTATCATTACTC","cMos"
"901","ko_GGGATCCAGACCCTTA","pMos"
"902","ko_GGGATCCGTGATCGTT","pMos"
"903","ko_GGGATCCTCGGAAGGT","cMos"
"904","ko_GGGATGAAGCATGCAG","pMos"
"905","ko_GGGATGAGTCCTACGG","pMos"
"906","ko_GGGATGAGTGACGCCT","pMos"
"907","ko_GGGATGATCCTGTACC","pMos"
"908","ko_GGGATGATCTAGAACC","pMos"
"909","ko_GGGCGTTCACGCTGTG","pMos"
"910","ko_GGGCGTTGTCGCAGTC","pMos"
"911","ko_GGGCGTTGTCTGGTTA","pMos"
"912","ko_GGGCGTTTCATGCCCT","pMos"
"913","ko_GGGCGTTTCGACCATA","pMos"
"914","ko_GGGCTCAAGCGTCAGA","pMos"
"915","ko_GGGCTCACACGCAAAG","cMos"
"916","ko_GGGCTCACAGGTGAGT","pMos"
"917","ko_GGGCTCACATGTCTAG","pMos"
"918","ko_GGGCTCATCGCAACAT","pMos"
"919","ko_GGGTCTGAGACTCAAA","pMos"
"920","ko_GGGTCTGCATCTCGTC","pMos"
"921","ko_GGGTCTGGTTGAGGAC","pMos"
"922","ko_GGGTGAAAGGGACACT","pMos"
"923","ko_GGGTGAAGTGGTCTGC","pMos"
"924","ko_GGGTGAAGTTTACGTG","pMos"
"925","ko_GGGTGAATCATGGAGG","cMos"
"926","ko_GGGTGTCGTCCCGTGA","pMos"
"927","ko_GGGTTATGTTCAATCG","pMos"
"928","ko_GGGTTATTCCCGAATA","pMos"
"929","ko_GGTAATCAGATCACCT","pMos"
"930","ko_GGTAGAGCAAGTGGCA","pMos"
"931","ko_GGTAGAGCAGGACATG","cMos"
"932","ko_GGTAGAGTCTATCGTT","pMos"
"933","ko_GGTAGAGTCTTCGGTC","cMos"
"934","ko_GGTCACGAGGTGCCAA","pMos"
"935","ko_GGTCTGGCAGACCAGA","pMos"
"936","ko_GGTCTGGGTCCAGAAG","pMos"
"937","ko_GGTGAAGTCTCAGTCC","pMos"
"938","ko_GGTGATTAGAGTGTTA","pMos"
"939","ko_GGTGATTAGCTTACGT","pMos"
"940","ko_GGTGATTGTCGTATTG","pMos"
"941","ko_GGTGGCTAGAGGATCC","pMos"
"942","ko_GGTGGCTCACCACTGG","pMos"
"943","ko_GGTGTCGGTTCTCGCT","pMos"
"944","ko_GGTGTTAAGGCTGAAC","pMos"
"945","ko_GGTGTTACATCTCATT","pMos"
"946","ko_GGTGTTAGTGTAACGG","pMos"
"947","ko_GGTTCTCCACAAGTGG","pMos"
"948","ko_GGTTGTAAGACGGATC","pMos"
"949","ko_GGTTGTAAGCCTAACT","pMos"
"950","ko_GGTTGTACACGGTGCT","pMos"
"951","ko_GGTTGTACAGCCTATA","pMos"
"952","ko_GTAACCAAGTTAGTAG","pMos"
"953","ko_GTAACCATCATAGACC","pMos"
"954","ko_GTAAGTCGTCCACTCT","pMos"
"955","ko_GTAAGTCTCAACACCA","pMos"
"956","ko_GTAATCGGTGAGCCAA","cMos"
"957","ko_GTAATGCAGTAACAGT","pMos"
"958","ko_GTAATGCAGTATTAGG","cMos"
"959","ko_GTACAACAGGTAGATT","pMos"
"960","ko_GTACAGTAGGCACCAA","pMos"
"961","ko_GTAGAAAGTGGGCTTC","pMos"
"962","ko_GTAGAGGCAGTAGAGC","pMos"
"963","ko_GTAGAGGTCGATTTCT","pMos"
"964","ko_GTAGAGGTCGCTTTAT","pMos"
"965","ko_GTAGATCCATAGACTC","pMos"
"966","ko_GTAGCTAAGTATGTAG","cMos"
"967","ko_GTAGCTAGTATTGAGA","cMos"
"968","ko_GTAGGAGCATGCAGCC","pMos"
"969","ko_GTAGTACCAAGTGGCA","cMos"
"970","ko_GTAGTACCATCCTTGC","pMos"
"971","ko_GTAGTACGTTTGGGTT","pMos"
"972","ko_GTATTTCAGTGTTGTC","pMos"
"973","ko_GTATTTCTCGACATTG","pMos"
"974","ko_GTCAAACGTACGTTCA","pMos"
"975","ko_GTCAAGTCACGGCCAT","cMos"
"976","ko_GTCACGGAGTGCTAGG","pMos"
"977","ko_GTCATCCTCATTCATC","pMos"
"978","ko_GTCATCCTCCTGCTAC","pMos"
"979","ko_GTCATGAGTGAGTGAC","pMos"
"980","ko_GTCATGAGTTCTTGTT","pMos"
"981","ko_GTCATTTCATTATGCG","pMos"
"982","ko_GTCCACTAGGGTGGGA","pMos"
"983","ko_GTCCACTTCAGACTGT","pMos"
"984","ko_GTCGAATAGTATAACG","pMos"
"985","ko_GTCGCGACAAGGTACG","pMos"
"986","ko_GTCGCGATCATTTCCA","pMos"
"987","ko_GTCGCGATCCGATGCG","pMos"
"988","ko_GTCGTAACAGACTGCC","pMos"
"989","ko_GTCGTAATCGCTCCTA","pMos"
"990","ko_GTCGTTCGTTTGGAAA","cMos"
"991","ko_GTCTACCAGATGGCGT","pMos"
"992","ko_GTCTACCCACAGCTTA","pMos"
"993","ko_GTCTAGACAAGACTGG","pMos"
"994","ko_GTCTAGACAATAACCC","pMos"
"995","ko_GTCTAGAGTAACGCGA","pMos"
"996","ko_GTCTAGAGTAGAGCTG","pMos"
"997","ko_GTCTAGATCTAAGGAA","pMos"
"998","ko_GTCTCACCAAGTCCAT","pMos"
"999","ko_GTCTCACGTTGGAGAC","pMos"
"1000","ko_GTCTCACGTTGGGAAC","cMos"
"1001","ko_GTCTGTCAGACGGATC","pMos"
"1002","ko_GTCTGTCAGCATCCCG","pMos"
"1003","ko_GTCTGTCGTTTCGTGA","pMos"
"1004","ko_GTCTTTATCCATCTGC","pMos"
"1005","ko_GTGACGCAGAAACACT","pMos"
"1006","ko_GTGAGCCTCGTGGCGT","pMos"
"1007","ko_GTGAGTTAGTACTGTC","pMos"
"1008","ko_GTGAGTTGTTTACGAC","pMos"
"1009","ko_GTGAGTTTCTTTGCAT","pMos"
"1010","ko_GTGATGTGTAACAAGT","pMos"
"1011","ko_GTGCACGAGTGCCAGA","pMos"
"1012","ko_GTGCACGGTACAAACA","pMos"
"1013","ko_GTGCAGCAGGTTAAAC","pMos"
"1014","ko_GTGCAGCCAGCGTTTA","cMos"
"1015","ko_GTGCAGCGTACTTGTG","cMos"
"1016","ko_GTGCGTGCAATTGAGA","pMos"
"1017","ko_GTGCGTGCACCAGCCA","pMos"
"1018","ko_GTGCGTGTCCTCGATC","pMos"
"1019","ko_GTGCTGGAGTAAGACT","pMos"
"1020","ko_GTGCTTCCATTGAAGA","pMos"
"1021","ko_GTGCTTCTCGGCTTCT","pMos"
"1022","ko_GTGGAAGCAGGGACTA","pMos"
"1023","ko_GTGGAAGTCTAGCCTC","pMos"
"1024","ko_GTGGAGAAGAGTTGTA","pMos"
"1025","ko_GTGGAGATCGAATCCA","pMos"
"1026","ko_GTGGCGTAGTTCCTGA","pMos"
"1027","ko_GTGGCGTCAAAGGTTA","pMos"
"1028","ko_GTGGCGTTCATCAGTG","pMos"
"1029","ko_GTGGTTAGTCCAGAAG","pMos"
"1030","ko_GTGTAACTCTCCTGCA","pMos"
"1031","ko_GTGTGGCGTGTCCATA","pMos"
"1032","ko_GTGTTAGAGGGCCAAT","cMos"
"1033","ko_GTGTTAGAGTTCGGTT","pMos"
"1034","ko_GTGTTCCGTCATGACT","pMos"
"1035","ko_GTTACAGAGCGGCTCT","pMos"
"1036","ko_GTTACAGCAGGTTTAC","pMos"
"1037","ko_GTTACAGGTATTTCGG","pMos"
"1038","ko_GTTACCCGTGTCATTG","pMos"
"1039","ko_GTTACGAAGGAGTACC","pMos"
"1040","ko_GTTACGAGTCATCACA","pMos"
"1041","ko_GTTACGAGTGATTCTG","pMos"
"1042","ko_GTTACGAGTGTCTAAC","cMos"
"1043","ko_GTTAGACAGAAATCCA","pMos"
"1044","ko_GTTAGACGTCCGTACG","pMos"
"1045","ko_GTTAGACTCGGAGCAA","pMos"
"1046","ko_GTTAGTGGTATCGCTA","pMos"
"1047","ko_GTTATGGGTTGGACTT","pMos"
"1048","ko_GTTCCGTCAAATTGGA","pMos"
"1049","ko_GTTCCGTCAACGGTAG","pMos"
"1050","ko_GTTCGCTCACGGTAGA","pMos"
"1051","ko_GTTCGCTCAGCTGTAT","pMos"
"1052","ko_GTTCTATGTCGTGTTA","pMos"
"1053","ko_GTTGAACCACGAGAAC","pMos"
"1054","ko_GTTGCGGCACAGAGCA","pMos"
"1055","ko_GTTGCGGCATAACTCG","pMos"
"1056","ko_GTTGCTCAGAGAGTGA","cMos"
"1057","ko_GTTGCTCGTGACAACG","cMos"
"1058","ko_GTTGCTCTCCGACATA","pMos"
"1059","ko_GTTGTAGAGTATGACA","pMos"
"1060","ko_GTTGTCCCATAACTCG","pMos"
"1061","ko_GTTGTGAGTCCGACGT","pMos"
"1062","ko_GTTTACTTCATTGTGG","cMos"
"1063","ko_GTTTGGAAGTGGATTA","pMos"
"1064","ko_GTTTGGAGTGCCCAGT","pMos"
"1065","ko_TAACCAGCAGCGGATA","pMos"
"1066","ko_TAACTTCCATCGTGCG","cMos"
"1067","ko_TAACTTCGTCCGAAAG","pMos"
"1068","ko_TAAGCACAGCTACAAA","pMos"
"1069","ko_TAAGCACGTGTGAGCA","pMos"
"1070","ko_TAAGCACGTTGGTGTT","pMos"
"1071","ko_TAAGCCACAACCCGCA","cMos"
"1072","ko_TAAGCCATCCAGCACG","pMos"
"1073","ko_TAAGCCATCGACGTCG","pMos"
"1074","ko_TAAGCCATCGTAACAC","pMos"
"1075","ko_TAAGCGTAGCCAAGCA","cMos"
"1076","ko_TAAGCGTGTGGATCAG","pMos"
"1077","ko_TAAGTCGAGGGAGGGT","pMos"
"1078","ko_TAAGTCGGTTCGGTTA","cMos"
"1079","ko_TAATCTCAGAATTCAG","pMos"
"1080","ko_TAATTCCCAACATACC","pMos"
"1081","ko_TAATTCCGTCAATGGG","cMos"
"1082","ko_TAATTCCGTGCCCACA","pMos"
"1083","ko_TAATTCCGTTCTCTAT","cMos"
"1084","ko_TACACCCAGAAGATCT","pMos"
"1085","ko_TACACCCCAAGGTCGA","pMos"
"1086","ko_TACACCCTCAAGTAAG","pMos"
"1087","ko_TACAGGTCAATACCTG","pMos"
"1088","ko_TACAGGTCACGATAGG","pMos"
"1089","ko_TACATTCGTAGTCGGA","pMos"
"1090","ko_TACATTCGTCCGGTGT","pMos"
"1091","ko_TACATTCGTGACGTCC","pMos"
"1092","ko_TACCCACGTCCACATA","pMos"
"1093","ko_TACCCACGTTGCTCGG","cMos"
"1094","ko_TACCCGTGTACCTTCC","pMos"
"1095","ko_TACCTGCGTGGCCTCA","pMos"
"1096","ko_TACGCTCCACCCTTAC","pMos"
"1097","ko_TACGCTCCATCCCGTT","pMos"
"1098","ko_TACGCTCGTTGGGTTT","pMos"
"1099","ko_TACGGTAAGTACAGCG","pMos"
"1100","ko_TACGTCCAGCTTCGTA","pMos"
"1101","ko_TACGTCCAGGGTTGCA","pMos"
"1102","ko_TACGTCCAGTATAACG","pMos"
"1103","ko_TACTGCCCACCGTCGA","pMos"
"1104","ko_TACTTACAGCATAGGC","pMos"
"1105","ko_TACTTACAGCCAGACA","pMos"
"1106","ko_TACTTACGTGGATCAG","pMos"
"1107","ko_TACTTCAAGTTACTCG","pMos"
"1108","ko_TAGACCAAGCCACTCG","pMos"
"1109","ko_TAGACCAGTGCACAAG","cMos"
"1110","ko_TAGACCAGTTAGGAGC","pMos"
"1111","ko_TAGACTGCACGCTTAA","cMos"
"1112","ko_TAGAGTCCAATAGTAG","cMos"
"1113","ko_TAGAGTCCACTGGAAG","pMos"
"1114","ko_TAGAGTCCATGGGATG","pMos"
"1115","ko_TAGATCGGTCATAACC","pMos"
"1116","ko_TAGATCGTCGGTAGGA","pMos"
"1117","ko_TAGCACAGTAGATGTA","pMos"
"1118","ko_TAGCACAGTATGATCC","cMos"
"1119","ko_TAGGAGGAGCCAAGTG","pMos"
"1120","ko_TAGGAGGCACCCAATA","pMos"
"1121","ko_TAGGAGGTCCAGTTCC","pMos"
"1122","ko_TAGGGTTAGCATTTCG","cMos"
"1123","ko_TAGGGTTCATATGAAG","cMos"
"1124","ko_TAGGTTGGTCTAATCG","pMos"
"1125","ko_TATACCTAGTCCCTAA","pMos"
"1126","ko_TATACCTCAGGGATAC","pMos"
"1127","ko_TATATCCCATGTGCCG","pMos"
"1128","ko_TATATCCTCGGACCAC","pMos"
"1129","ko_TATCAGGAGTGGCGAT","cMos"
"1130","ko_TATCCTACAAGGTCTT","pMos"
"1131","ko_TATCCTACATATGAAG","pMos"
"1132","ko_TATCCTATCACCTGTC","cMos"
"1133","ko_TATCGCCAGGATTTGA","pMos"
"1134","ko_TATCTTGCAGCTGAAG","pMos"
"1135","ko_TATGTTCTCCTTACCG","pMos"
"1136","ko_TATTCCAGTTAATGAG","cMos"
"1137","ko_TATTCCATCCCGAGGT","pMos"
"1138","ko_TATTGCTTCATACAGC","cMos"
"1139","ko_TATTGGGAGCGTCGAA","pMos"
"1140","ko_TATTGGGAGGTAGCAC","pMos"
"1141","ko_TATTGGGGTACGCTTA","pMos"
"1142","ko_TCAATTCGTGCTCTCT","pMos"
"1143","ko_TCACAAGAGAAACTGT","cMos"
"1144","ko_TCACAAGAGCGTGCCT","pMos"
"1145","ko_TCACAAGAGGAGCAAA","pMos"
"1146","ko_TCACAAGAGGGTCAAC","pMos"
"1147","ko_TCACAAGGTAGGTGCA","pMos"
"1148","ko_TCACACCCAGGAAGTC","pMos"
"1149","ko_TCACATTCATAACAGA","cMos"
"1150","ko_TCACGCTAGTAATCCC","pMos"
"1151","ko_TCACGGGTCAGTCATG","pMos"
"1152","ko_TCACTATAGTAAGGGA","pMos"
"1153","ko_TCACTATCAGCATGCC","pMos"
"1154","ko_TCACTATGTAACCCGC","pMos"
"1155","ko_TCACTATGTTTACTGG","pMos"
"1156","ko_TCACTCGAGTTGCGCC","pMos"
"1157","ko_TCACTCGCAGTCTTCC","pMos"
"1158","ko_TCACTCGCATCAACCA","pMos"
"1159","ko_TCACTCGTCATGTCAG","pMos"
"1160","ko_TCAGCCTCAAGGCCTC","pMos"
"1161","ko_TCAGCCTCACCTGCTT","pMos"
"1162","ko_TCAGGGCAGGCCTTCG","pMos"
"1163","ko_TCAGGTACATTCCTCG","pMos"
"1164","ko_TCAGGTATCGGAGTGA","pMos"
"1165","ko_TCAGTGAAGAGGTTTA","pMos"
"1166","ko_TCAGTGAAGAGTATAC","pMos"
"1167","ko_TCAGTGAGTGCATCTA","pMos"
"1168","ko_TCAGTTTCACTGTGTA","pMos"
"1169","ko_TCATACTGTGAATAAC","cMos"
"1170","ko_TCATATCTCTTAGTTC","pMos"
"1171","ko_TCATCCGAGAGAATCT","cMos"
"1172","ko_TCATCCGGTGCGCTCA","pMos"
"1173","ko_TCATGAGCATCAACCA","pMos"
"1174","ko_TCATGAGGTTAAGGGC","pMos"
"1175","ko_TCATGCCAGGGTTAGC","pMos"
"1176","ko_TCATGCCTCGCCAGAC","pMos"
"1177","ko_TCATGTTAGCAATAAC","cMos"
"1178","ko_TCATGTTAGTATGGCG","pMos"
"1179","ko_TCATGTTCACGTGAGA","pMos"
"1180","ko_TCATTACAGACCACGA","pMos"
"1181","ko_TCATTACCAGCAGAAC","cMos"
"1182","ko_TCATTACGTGTTGAGG","pMos"
"1183","ko_TCATTTGAGTAGCATA","pMos"
"1184","ko_TCATTTGGTCGACTGC","cMos"
"1185","ko_TCCACCACACAAATGA","pMos"
"1186","ko_TCCACCACATACATCG","pMos"
"1187","ko_TCCACCAGTGATACAA","pMos"
"1188","ko_TCCACCATCCCTTGTG","pMos"
"1189","ko_TCCACCATCCGTGTCT","pMos"
"1190","ko_TCCACGTAGAGCATTA","cMos"
"1191","ko_TCCAGAACAACTCGTA","pMos"
"1192","ko_TCCAGAAGTCAGGCAA","pMos"
"1193","ko_TCCATCGAGAGGCGTT","cMos"
"1194","ko_TCCATCGCAGCTGTGC","pMos"
"1195","ko_TCCATCGGTGAGGCAT","pMos"
"1196","ko_TCCCAGTAGGCTTAAA","cMos"
"1197","ko_TCCCAGTCAATCGCCG","pMos"
"1198","ko_TCCCAGTGTGTCCGGT","pMos"
"1199","ko_TCCGAAACAATTTCTC","pMos"
"1200","ko_TCCGAAAGTCCGGTGT","pMos"
"1201","ko_TCCGATCGTTGCTCGG","pMos"
"1202","ko_TCCGATCTCACCTCAC","pMos"
"1203","ko_TCCGATCTCGATGGAG","pMos"
"1204","ko_TCCGGGAGTGGCTTAT","pMos"
"1205","ko_TCCGTGTCACCACATA","cMos"
"1206","ko_TCCGTGTCATTGACCA","pMos"
"1207","ko_TCCTAATAGGGCAGTT","pMos"
"1208","ko_TCCTCCCCATAACAGA","pMos"
"1209","ko_TCCTCGAAGCTACTGT","cMos"
"1210","ko_TCCTCTTGTCTATGAC","pMos"
"1211","ko_TCCTTCTCACAGTCAT","pMos"
"1212","ko_TCCTTCTTCCCAAGCG","pMos"
"1213","ko_TCCTTTCAGGGCTGAT","pMos"
"1214","ko_TCGAACAGTAACGCGA","cMos"
"1215","ko_TCGAAGTAGATCCTAC","pMos"
"1216","ko_TCGAAGTGTACCAGAG","pMos"
"1217","ko_TCGAAGTGTCGATTCA","pMos"
"1218","ko_TCGACCTCAGCCATTA","pMos"
"1219","ko_TCGACCTGTTAGCGGA","pMos"
"1220","ko_TCGATTTAGCAGGGAG","pMos"
"1221","ko_TCGATTTGTGGACTGA","pMos"
"1222","ko_TCGCACTGTATCTCTT","cMos"
"1223","ko_TCGCAGGAGCCATTCA","pMos"
"1224","ko_TCGCTCAAGATTTGCC","pMos"
"1225","ko_TCGCTCAAGGGTCACA","pMos"
"1226","ko_TCGCTCACAACTTGCA","pMos"
"1227","ko_TCGCTCACACGTAGTT","pMos"
"1228","ko_TCGCTCAGTACTCAAC","pMos"
"1229","ko_TCGCTTGAGGACATCG","pMos"
"1230","ko_TCGCTTGTCGGTAGAG","pMos"
"1231","ko_TCGGATAGTCGTACAT","cMos"
"1232","ko_TCGGGACCACGTACTA","pMos"
"1233","ko_TCGGGACTCTGCCCTA","pMos"
"1234","ko_TCGGGTGCACAGTCAT","pMos"
"1235","ko_TCGGGTGTCGAGAAAT","pMos"
"1236","ko_TCGGTCTCACCCTTAC","pMos"
"1237","ko_TCGGTCTTCTCTCTAA","cMos"
"1238","ko_TCGTAGAAGCGCTGAA","pMos"
"1239","ko_TCGTAGAAGGCACTAG","pMos"
"1240","ko_TCGTAGAAGTGGTCAG","pMos"
"1241","ko_TCGTCCAAGGCGCTCT","pMos"
"1242","ko_TCGTCCACAGGCTTGC","pMos"
"1243","ko_TCGTCCAGTGATAGAT","pMos"
"1244","ko_TCGTGCTCAGGATGAC","pMos"
"1245","ko_TCGTGCTCAGTGTACT","pMos"
"1246","ko_TCGTGCTGTACAAACA","pMos"
"1247","ko_TCGTGCTGTACGCGTC","pMos"
"1248","ko_TCTAACTGTCATGACT","pMos"
"1249","ko_TCTACCGCAATACAGA","pMos"
"1250","ko_TCTATACAGCATGAAT","pMos"
"1251","ko_TCTATACAGCTATCTG","cMos"
"1252","ko_TCTATCACAGCGAACA","pMos"
"1253","ko_TCTATCAGTGTTCGTA","pMos"
"1254","ko_TCTATCATCCGAACGC","pMos"
"1255","ko_TCTCACGGTTGTGTAC","cMos"
"1256","ko_TCTCACGTCTAGTACG","pMos"
"1257","ko_TCTCAGCAGAGTATAC","pMos"
"1258","ko_TCTCAGCCAGGGATAC","pMos"
"1259","ko_TCTCTGGCACATATGC","pMos"
"1260","ko_TCTGCCACAGCCTTCT","pMos"
"1261","ko_TCTGCCATCAAGTGGG","pMos"
"1262","ko_TCTGGCTCACGTCTCT","pMos"
"1263","ko_TCTGGCTCAGGCCCTA","pMos"
"1264","ko_TCTGGCTTCGTCGACG","pMos"
"1265","ko_TCTGGCTTCGTGAGAG","pMos"
"1266","ko_TCTGTCGAGTGCCGAA","cMos"
"1267","ko_TCTGTCGTCCGGACGT","pMos"
"1268","ko_TCTGTCGTCTACTCAT","pMos"
"1269","ko_TCTGTCGTCTGTAAGC","pMos"
"1270","ko_TCTTAGTTCGCTCCTA","pMos"
"1271","ko_TCTTAGTTCTTCTTCC","pMos"
"1272","ko_TCTTCCTAGATGTTCC","pMos"
"1273","ko_TCTTCCTGTACAAAGT","pMos"
"1274","ko_TCTTCCTTCCTAGCTC","pMos"
"1275","ko_TCTTGCGCATGACGGA","pMos"
"1276","ko_TCTTTGATCCGCAGTG","pMos"
"1277","ko_TGAACGTCATCGCTGG","pMos"
"1278","ko_TGAATCGGTTGTGTTG","pMos"
"1279","ko_TGAATGCCATCATCCC","pMos"
"1280","ko_TGAATGCTCTTGTGCC","pMos"
"1281","ko_TGACAGTGTGAATATG","pMos"
"1282","ko_TGACCCTAGCCTAGGA","pMos"
"1283","ko_TGACCCTAGCCTCAAT","cMos"
"1284","ko_TGACCCTCACAATCTG","pMos"
"1285","ko_TGACCCTTCACGGGCT","pMos"
"1286","ko_TGACCCTTCTAGGCCG","pMos"
"1287","ko_TGACGCGAGCATTGAA","pMos"
"1288","ko_TGACGCGAGCCAGTAG","pMos"
"1289","ko_TGACGCGTCGCGGACT","pMos"
"1290","ko_TGAGCATAGTTGTCGT","pMos"
"1291","ko_TGAGGAGGTGTTGACT","cMos"
"1292","ko_TGAGGAGGTTGTCATG","pMos"
"1293","ko_TGAGGGAAGCCACAAG","pMos"
"1294","ko_TGAGGGAGTGCTGATT","cMos"
"1295","ko_TGAGGTTAGGAAAGAC","cMos"
"1296","ko_TGAGTCAAGTCGAAGC","pMos"
"1297","ko_TGAGTCACAACTTGCA","pMos"
"1298","ko_TGAGTCACACAAACGG","pMos"
"1299","ko_TGAGTCAGTAATCAAG","pMos"
"1300","ko_TGAGTCATCCTCTCTT","cMos"
"1301","ko_TGATCAGAGACATCAA","pMos"
"1302","ko_TGATCAGCACGGTGCT","pMos"
"1303","ko_TGATCTTCATCAGCTA","pMos"
"1304","ko_TGATCTTCATGACAGG","pMos"
"1305","ko_TGATCTTTCTCGCTCA","pMos"
"1306","ko_TGATGCATCAATGTCG","cMos"
"1307","ko_TGATGGTAGCGTTAGG","cMos"
"1308","ko_TGATGGTGTACGCTAT","pMos"
"1309","ko_TGATGGTTCACCGCTT","cMos"
"1310","ko_TGATTCTAGTCACGAG","pMos"
"1311","ko_TGATTTCAGCCATTCA","pMos"
"1312","ko_TGCACGGAGTGATCGG","pMos"
"1313","ko_TGCACGGGTCGATTTG","cMos"
"1314","ko_TGCAGATTCTATTCGT","pMos"
"1315","ko_TGCAGGCCATCTATCT","pMos"
"1316","ko_TGCAGGCGTTTGCCGG","pMos"
"1317","ko_TGCAGGCTCATCGTAG","pMos"
"1318","ko_TGCAGGCTCCAAGAGG","pMos"
"1319","ko_TGCAGTAAGCGTGTCC","pMos"
"1320","ko_TGCAGTACATGCGTGC","cMos"
"1321","ko_TGCATCCCAAGGCCTC","pMos"
"1322","ko_TGCATCCTCAGATGCT","pMos"
"1323","ko_TGCATGACAAGTGATA","pMos"
"1324","ko_TGCATGAGTCTTGTCC","pMos"
"1325","ko_TGCGACGGTAGTGTGG","pMos"
"1326","ko_TGCGACGTCGGTGAAG","cMos"
"1327","ko_TGCGGGTAGCCATTTG","pMos"
"1328","ko_TGCGGGTGTACAGTAA","pMos"
"1329","ko_TGCGGGTGTCTAGGCC","pMos"
"1330","ko_TGCTCCAAGCGTGAGT","pMos"
"1331","ko_TGCTCCATCCATACTT","pMos"
"1332","ko_TGCTCCATCGTGCTCT","pMos"
"1333","ko_TGCTCGTCAAATTGGA","pMos"
"1334","ko_TGCTCGTGTGACGTCC","cMos"
"1335","ko_TGCTTCGCAGCAAGAC","pMos"
"1336","ko_TGCTTCGCAGGTGAGT","cMos"
"1337","ko_TGCTTCGGTCCATACA","pMos"
"1338","ko_TGCTTCGGTGTATTCG","pMos"
"1339","ko_TGCTTGCAGGGCGAGA","pMos"
"1340","ko_TGCTTGCGTAGTGTGG","pMos"
"1341","ko_TGCTTGCGTCCGAAGA","pMos"
"1342","ko_TGCTTGCTCGCTGTTC","pMos"
"1343","ko_TGCTTGCTCTTACACT","pMos"
"1344","ko_TGGAACTAGACTTCCA","cMos"
"1345","ko_TGGAACTAGGTTCACT","cMos"
"1346","ko_TGGAACTCAAAGGCTG","pMos"
"1347","ko_TGGAGGAGTGAATAAC","pMos"
"1348","ko_TGGATCAAGACAGCTG","cMos"
"1349","ko_TGGATCATCAGCGCGT","cMos"
"1350","ko_TGGATGTTCCACACCT","pMos"
"1351","ko_TGGCGTGTCTTAGCTT","pMos"
"1352","ko_TGGGAAGGTATTGGCT","pMos"
"1353","ko_TGGGAGAAGAGGCCAT","pMos"
"1354","ko_TGGGAGACATGGGATG","pMos"
"1355","ko_TGGGATTAGCCGTTAT","pMos"
"1356","ko_TGGGCGTCACGCTGCA","pMos"
"1357","ko_TGGGTTATCCTCGATC","pMos"
"1358","ko_TGGTAGTCATGAATCC","pMos"
"1359","ko_TGGTGATGTAAGTCAA","pMos"
"1360","ko_TGGTGATGTGGTCTAT","cMos"
"1361","ko_TGGTTAGTCAAGGTGG","cMos"
"1362","ko_TGTAACGCATCAGCGC","pMos"
"1363","ko_TGTAAGCGTCAGCTTA","pMos"
"1364","ko_TGTAAGCTCATGGGAG","pMos"
"1365","ko_TGTACAGCAAATAGCA","pMos"
"1366","ko_TGTACAGCATCAGCTA","pMos"
"1367","ko_TGTACAGCATCATTGG","pMos"
"1368","ko_TGTCAGACATTGCTGA","pMos"
"1369","ko_TGTCCACAGTCCCTAA","pMos"
"1370","ko_TGTCCCACACTCGATA","pMos"
"1371","ko_TGTCCCAGTACAACGG","cMos"
"1372","ko_TGTCCTGCAAACTAAG","pMos"
"1373","ko_TGTGAGTCATCATCTT","pMos"
"1374","ko_TGTGAGTTCAGTCATG","pMos"
"1375","ko_TGTGATGGTTCCAAAC","pMos"
"1376","ko_TGTGCGGTCGGCCCAA","pMos"
"1377","ko_TGTGGCGCAAGAGATT","pMos"
"1378","ko_TGTGGCGCACTCCTGT","pMos"
"1379","ko_TGTGGCGGTTATCTTC","pMos"
"1380","ko_TGTGGCGTCGAAGTGG","pMos"
"1381","ko_TGTGGCGTCGCCTCTA","pMos"
"1382","ko_TGTGTGAAGGACGCAT","pMos"
"1383","ko_TGTTACTTCGTGCGAC","pMos"
"1384","ko_TGTTCCGAGCCTGGAA","pMos"
"1385","ko_TGTTCCGGTCATGGCC","pMos"
"1386","ko_TGTTCCGGTGAGAACC","pMos"
"1387","ko_TGTTGGAAGTAGCAAT","cMos"
"1388","ko_TGTTGGACATCCGTGG","pMos"
"1389","ko_TGTTTGTAGTCGCTAT","pMos"
"1390","ko_TTACAGGCATTCTCCG","cMos"
"1391","ko_TTACAGGGTGTTCATG","pMos"
"1392","ko_TTACCATTCTCTGCCA","pMos"
"1393","ko_TTACCGCAGAGGTGCT","pMos"
"1394","ko_TTACCGCGTATTGCCA","pMos"
"1395","ko_TTACGCCGTTGGTAGG","pMos"
"1396","ko_TTACGTTCACGTACAT","pMos"
"1397","ko_TTACGTTGTAGGCTCC","pMos"
"1398","ko_TTATTGCAGGAAAGAC","pMos"
"1399","ko_TTATTGCGTACACGCC","pMos"
"1400","ko_TTATTGCGTGGCTTGC","pMos"
"1401","ko_TTCAATCCAATGTGGG","pMos"
"1402","ko_TTCACCGGTCTAATCG","pMos"
"1403","ko_TTCATGTCAGACATCT","pMos"
"1404","ko_TTCATGTGTCACGCTG","pMos"
"1405","ko_TTCATTGAGAAATTCG","pMos"
"1406","ko_TTCATTGAGTCTTGGT","pMos"
"1407","ko_TTCATTGTCGTAGAGG","pMos"
"1408","ko_TTCCAATAGAAGCGGG","pMos"
"1409","ko_TTCCACGCACTGGCGT","pMos"
"1410","ko_TTCCACGGTTGTCTAG","cMos"
"1411","ko_TTCCGTGCATCCTCAC","pMos"
"1412","ko_TTCCGTGTCACCGCTT","cMos"
"1413","ko_TTCCTCTAGAACTGAT","pMos"
"1414","ko_TTCCTCTAGATTGACA","pMos"
"1415","ko_TTCCTCTCAAGTTCGT","pMos"
"1416","ko_TTCCTCTGTTCGTTCC","pMos"
"1417","ko_TTCCTCTTCGCCCAGA","pMos"
"1418","ko_TTCGGTCAGGATGAGA","pMos"
"1419","ko_TTCTAACCAATTGGTC","pMos"
"1420","ko_TTCTAACCAGCTCTGG","pMos"
"1421","ko_TTCTAACCAGGAGGTT","pMos"
"1422","ko_TTCTCTCAGAAGAACG","pMos"
"1423","ko_TTCTCTCGTCCACACG","pMos"
"1424","ko_TTCTCTCTCTCTGACC","pMos"
"1425","ko_TTCTGTACAAGCACCC","cMos"
"1426","ko_TTCTGTATCTACTCAT","pMos"
"1427","ko_TTCTTCCAGATCCTAC","pMos"
"1428","ko_TTCTTCCCACTGTCCT","pMos"
"1429","ko_TTCTTGAAGCGGTAGT","pMos"
"1430","ko_TTCTTGACACCTATCC","pMos"
"1431","ko_TTGAACGAGCGTTCCG","pMos"
"1432","ko_TTGAACGGTATCGATC","pMos"
"1433","ko_TTGAACGTCTAGGCAT","pMos"
"1434","ko_TTGACCCCAAACACCT","pMos"
"1435","ko_TTGACCCGTGACCTGC","pMos"
"1436","ko_TTGAGTGTCTGGTGGC","pMos"
"1437","ko_TTGATGGAGCCACCGT","pMos"
"1438","ko_TTGATGGTCAGATGCT","pMos"
"1439","ko_TTGCATTAGAATAGTC","pMos"
"1440","ko_TTGCATTCAAGCCTGC","pMos"
"1441","ko_TTGCCTGGTTACCCAA","pMos"
"1442","ko_TTGCCTGTCCAAGCCG","cMos"
"1443","ko_TTGCCTGTCGTTGCCT","pMos"
"1444","ko_TTGCCTGTCTGAGGCC","pMos"
"1445","ko_TTGCGTCAGCTGTGCC","pMos"
"1446","ko_TTGCGTCTCAGCGGAA","pMos"
"1447","ko_TTGCGTCTCTCGAGTA","pMos"
"1448","ko_TTGCTGCCAGGAGGAG","pMos"
"1449","ko_TTGCTGCGTTGCACGC","pMos"
"1450","ko_TTGGATGTCAAACCCA","pMos"
"1451","ko_TTGGGATCAACTCGTA","pMos"
"1452","ko_TTGGGATGTAGGTAGC","cMos"
"1453","ko_TTGGGATGTGTACGCC","pMos"
"1454","ko_TTGGGCGTCCTGTTAT","pMos"
"1455","ko_TTGGGCGTCTGGACCG","cMos"
"1456","ko_TTGGGTAGTACAAGTA","pMos"
"1457","ko_TTGGTTTTCAGTGGGA","pMos"
"1458","ko_TTGGTTTTCTGAGGCC","pMos"
"1459","ko_TTGTGGACACGGCCAT","pMos"
"1460","ko_TTGTTTGGTCAAGTTC","pMos"
"1461","ko_TTGTTTGGTGACTGTT","pMos"
"1462","ko_TTGTTTGTCCACAAGT","pMos"
"1463","ko_TTTACCACAACCCTAA","pMos"
"1464","ko_TTTACCAGTAAGATCA","pMos"
"1465","ko_TTTACCAGTGGCAACA","cMos"
"1466","ko_TTTACCATCTGTTGGA","pMos"
"1467","ko_TTTACGTAGCTCGTGC","cMos"
"1468","ko_TTTACGTAGCTGGAGT","cMos"
"1469","ko_TTTACGTAGGCATCTT","cMos"
"1470","ko_TTTACGTAGGTTACCT","pMos"
"1471","ko_TTTACGTGTATAGGAT","pMos"
"1472","ko_TTTACGTGTCCCGTGA","pMos"
"1473","ko_TTTACGTTCCCGTGTT","cMos"
"1474","ko_TTTACTGGTAGCTCGC","pMos"
"1475","ko_TTTACTGTCTACCACC","pMos"
"1476","ko_TTTAGTCTCCGCAGTG","pMos"
"1477","ko_TTTCAGTAGAGCAGTC","pMos"
"1478","ko_TTTCAGTAGTAGTCCT","pMos"
"1479","ko_TTTCAGTTCACCTGGG","pMos"
"1480","ko_TTTCAGTTCGGAGTGA","pMos"
"1481","ko_TTTCATGAGCACTCTA","pMos"
"1482","ko_TTTCATGTCACATACG","pMos"
"1483","ko_TTTCCTCTCACTTGTT","pMos"
"1484","ko_TTTCGATAGACACACG","pMos"
"1485","ko_TTTCGATAGAGATTCA","cMos"
"1486","ko_TTTCGATCACCAAATC","pMos"
"1487","ko_TTTGACTGTCCGGACT","pMos"
"1488","ko_TTTGGAGAGTAGTGCG","pMos"
"1489","ko_TTTGGAGGTCGAGATG","pMos"
"1490","ko_TTTGGTTAGCAGCACA","pMos"
"1491","ko_TTTGGTTGTTCGCGTG","pMos"
"1492","ko_TTTGTTGGTAGGTACG","pMos"
"1493","ko_TTTGTTGGTGACTCGC","pMos"
"1494","wt_AAACGAAAGCCTCTGG","pMos"
"1495","wt_AAACGCTAGGAGACCT","cMos"
"1496","wt_AAACGCTGTGGCTGCT","pMos"
"1497","wt_AAAGAACAGCCACCGT","pMos"
"1498","wt_AAAGAACAGGATTCCT","cMos"
"1499","wt_AAAGAACTCCAGTGTA","pMos"
"1500","wt_AAAGGGCTCTTGTGCC","cMos"
"1501","wt_AAAGTGATCTAGTTCT","cMos"
"1502","wt_AAAGTGATCTCAACGA","cMos"
"1503","wt_AACAAAGAGCCTCAGC","pMos"
"1504","wt_AACAAAGAGCCTGACC","pMos"
"1505","wt_AACAACCTCCGTACGG","pMos"
"1506","wt_AACCAACAGACATATG","pMos"
"1507","wt_AACCATGAGAAGATCT","pMos"
"1508","wt_AACCATGCAACGTATC","pMos"
"1509","wt_AACCATGCAAGCTGTT","cMos"
"1510","wt_AACCATGGTCAACCAT","pMos"
"1511","wt_AACCCAACATCCCGTT","cMos"
"1512","wt_AACCTGATCGACCATA","cMos"
"1513","wt_AACGGGAGTTCTTGCC","pMos"
"1514","wt_AACGTCAAGAACAAGG","cMos"
"1515","wt_AACGTCATCGCGCCAA","cMos"
"1516","wt_AACTTCTCACGATAGG","pMos"
"1517","wt_AAGACAAAGGCCTAAG","cMos"
"1518","wt_AAGACTCTCTGCAGCG","cMos"
"1519","wt_AAGATAGCAGAGGCAT","cMos"
"1520","wt_AAGCGAGAGGTAAACT","pMos"
"1521","wt_AAGGAATCAGCTTTGA","cMos"
"1522","wt_AAGTTCGTCATTCTTG","pMos"
"1523","wt_AATCGTGAGAGGTTTA","cMos"
"1524","wt_AATCGTGGTGAGTTTC","pMos"
"1525","wt_AATGAAGAGCCATTGT","pMos"
"1526","wt_AATGAAGTCCATTGGA","pMos"
"1527","wt_AATGGAATCTTTGCTA","cMos"
"1528","wt_AATGGCTAGGAAGTCC","pMos"
"1529","wt_AATGGCTTCGATTGGT","pMos"
"1530","wt_AATTCCTGTGTGTCCG","pMos"
"1531","wt_ACAACCATCATGCGGC","pMos"
"1532","wt_ACACAGTAGGTTGTTC","pMos"
"1533","wt_ACACGCGGTGCGTGCT","pMos"
"1534","wt_ACAGAAAAGAGGGTAA","pMos"
"1535","wt_ACAGCCGGTCGGTGAA","pMos"
"1536","wt_ACAGCCGTCGTAACTG","cMos"
"1537","wt_ACAGGGAAGCCGTTAT","cMos"
"1538","wt_ACATCCCGTGCGACAA","cMos"
"1539","wt_ACATCGATCACCTCGT","cMos"
"1540","wt_ACATTTCTCTGGTCAA","pMos"
"1541","wt_ACCCAAATCGTTACCC","pMos"
"1542","wt_ACCCTCAAGACCTCCG","cMos"
"1543","wt_ACCCTTGTCATGGAGG","cMos"
"1544","wt_ACCGTTCTCGATCCCT","pMos"
"1545","wt_ACCTGTCCAAGAGAGA","cMos"
"1546","wt_ACGATCAGTTCGTGCG","pMos"
"1547","wt_ACGATGTTCAGTCATG","cMos"
"1548","wt_ACGATGTTCGTCCTTG","pMos"
"1549","wt_ACGCACGTCTCCTGTG","cMos"
"1550","wt_ACGGTCGCACCGTCGA","cMos"
"1551","wt_ACGGTCGCAGATTAAG","pMos"
"1552","wt_ACGTTCCAGCATCTTG","cMos"
"1553","wt_ACTACGAAGACTTCAC","pMos"
"1554","wt_ACTACGAGTATACGGG","pMos"
"1555","wt_ACTACGATCCATCTAT","cMos"
"1556","wt_ACTATCTGTAGACTGG","cMos"
"1557","wt_ACTATGGCAAAGGCTG","pMos"
"1558","wt_ACTATGGCATTGGCAT","pMos"
"1559","wt_ACTATTCGTCCTACAA","cMos"
"1560","wt_ACTATTCTCGTTCTCG","pMos"
"1561","wt_ACTCCCAGTTTCACTT","pMos"
"1562","wt_ACTCCCATCCCTTCCC","pMos"
"1563","wt_ACTGATGGTCATCGGC","cMos"
"1564","wt_ACTGTCCAGAACCGCA","pMos"
"1565","wt_ACTTAGGCATCCCGTT","cMos"
"1566","wt_ACTTCGCAGCATCCTA","pMos"
"1567","wt_ACTTTGTCAGCGTTGC","cMos"
"1568","wt_AGAAATGCATAGTCAC","cMos"
"1569","wt_AGAAATGGTTATGTGC","cMos"
"1570","wt_AGAACAAAGACTCCGC","pMos"
"1571","wt_AGAACAAAGCTACTAC","cMos"
"1572","wt_AGAACCTGTATCGCAT","pMos"
"1573","wt_AGAACCTGTGAACTAA","cMos"
"1574","wt_AGAAGCGCAGCAGATG","pMos"
"1575","wt_AGAAGCGGTGCTCTCT","pMos"
"1576","wt_AGACAAAAGAGAAGGT","cMos"
"1577","wt_AGACAAATCTTGCGCT","cMos"
"1578","wt_AGACACTTCAAACGTC","pMos"
"1579","wt_AGACAGGTCGGAACTT","pMos"
"1580","wt_AGACCATTCCTGTAGA","cMos"
"1581","wt_AGACTCAGTACGATTC","cMos"
"1582","wt_AGAGAATTCTTACCGC","cMos"
"1583","wt_AGAGCAGTCCCATGGG","pMos"
"1584","wt_AGATGCTTCGGAAACG","pMos"
"1585","wt_AGCCAATAGAGCATTA","pMos"
"1586","wt_AGCCAATTCGCTCATC","cMos"
"1587","wt_AGCCACGTCTTGTGCC","cMos"
"1588","wt_AGCCAGCTCATAGGCT","cMos"
"1589","wt_AGCCAGCTCCATCAGA","cMos"
"1590","wt_AGCGATTAGGATCATA","cMos"
"1591","wt_AGCGCCAAGCTGACCC","pMos"
"1592","wt_AGCGCCACAATGAAAC","pMos"
"1593","wt_AGCGCCATCAGACCTA","pMos"
"1594","wt_AGCTACAGTGCCCACA","cMos"
"1595","wt_AGCTTCCCACTTTAGG","cMos"
"1596","wt_AGCTTCCGTGTGTTTG","cMos"
"1597","wt_AGGACTTCATGACGTT","cMos"
"1598","wt_AGGAGGTCACTGCGTG","pMos"
"1599","wt_AGGAGGTTCTGTCCCA","cMos"
"1600","wt_AGGGCCTGTTGACGGA","cMos"
"1601","wt_AGGGCTCAGGTAAGTT","cMos"
"1602","wt_AGGTAGGGTGTATTGC","cMos"
"1603","wt_AGGTAGGGTTCTTCAT","cMos"
"1604","wt_AGGTCATCACCGCTAG","cMos"
"1605","wt_AGGTTACAGGCACCAA","pMos"
"1606","wt_AGGTTACAGTAGAATC","pMos"
"1607","wt_AGTAACCCATCGAAGG","pMos"
"1608","wt_AGTACCATCGCGAAGA","pMos"
"1609","wt_AGTAGCTGTGAAGCGT","cMos"
"1610","wt_AGTCTCCCAAGTTTGC","pMos"
"1611","wt_AGTGACTGTCAAATCC","cMos"
"1612","wt_AGTGATCTCTCAACGA","cMos"
"1613","wt_ATACCGACAGTCGTTA","pMos"
"1614","wt_ATACCGATCTTCTGGC","cMos"
"1615","wt_ATACTTCAGTACTGTC","pMos"
"1616","wt_ATAGACCCAAGACAAT","pMos"
"1617","wt_ATAGAGAAGCTTGTTG","pMos"
"1618","wt_ATAGGCTCACGTTCGG","pMos"
"1619","wt_ATATCCTAGACACACG","cMos"
"1620","wt_ATATCCTGTTCAGCTA","pMos"
"1621","wt_ATCACTTGTGAACCGA","cMos"
"1622","wt_ATCAGGTAGACAGCGT","pMos"
"1623","wt_ATCAGGTGTATAGGAT","pMos"
"1624","wt_ATCATTCCAAAGCGTG","cMos"
"1625","wt_ATCATTCCACATTACG","pMos"
"1626","wt_ATCCGTCTCATGAAAG","cMos"
"1627","wt_ATCCGTCTCCTAAGTG","cMos"
"1628","wt_ATCGCCTTCGGAATGG","pMos"
"1629","wt_ATCGGATGTCTTCTAT","cMos"
"1630","wt_ATCGGATTCTTCACGC","cMos"
"1631","wt_ATCGTCCTCCGCGATG","pMos"
"1632","wt_ATCGTCCTCCGTGGGT","pMos"
"1633","wt_ATCGTGAAGTCCGCGT","cMos"
"1634","wt_ATCGTGATCCCGAGGT","cMos"
"1635","wt_ATCTCTAAGTGGAAGA","pMos"
"1636","wt_ATCTCTAGTCCACGCA","cMos"
"1637","wt_ATCTTCAAGCACGGAT","pMos"
"1638","wt_ATGAGTCCATGAATAG","pMos"
"1639","wt_ATGATCGCAAGCCTGC","cMos"
"1640","wt_ATGATCGGTCTAGATC","cMos"
"1641","wt_ATGCATGCACCATTCC","pMos"
"1642","wt_ATGCCTCGTGTACATC","cMos"
"1643","wt_ATGCGATAGCTAAGTA","cMos"
"1644","wt_ATGCGATTCCGACATA","cMos"
"1645","wt_ATGGAGGAGAGCATAT","pMos"
"1646","wt_ATGGAGGAGGTGATCG","pMos"
"1647","wt_ATGGAGGGTTGCATTG","cMos"
"1648","wt_ATGGGAGAGCGAGTCA","cMos"
"1649","wt_ATGGGAGAGGTGCTGA","cMos"
"1650","wt_ATGGTTGCACTACAGT","pMos"
"1651","wt_ATGGTTGCAGGAATCG","pMos"
"1652","wt_ATGGTTGGTCACTTAG","pMos"
"1653","wt_ATGGTTGGTGACTCTA","cMos"
"1654","wt_ATGTCCCTCGATACGT","cMos"
"1655","wt_ATTACCTCAACCGGAA","cMos"
"1656","wt_ATTATCCAGATAACGT","pMos"
"1657","wt_ATTATCCAGTGAGCCA","pMos"
"1658","wt_ATTATCCTCTTGAGCA","pMos"
"1659","wt_ATTCAGGAGCTGGTGA","cMos"
"1660","wt_ATTCATCAGCCGTTGC","pMos"
"1661","wt_ATTCATCTCATCGCCT","pMos"
"1662","wt_ATTCCCGGTTATTCTC","cMos"
"1663","wt_ATTCCCGGTTGACGGA","pMos"
"1664","wt_ATTCCCGTCCGACATA","cMos"
"1665","wt_ATTTACCGTGCATACT","pMos"
"1666","wt_ATTTCACAGATTGCGG","pMos"
"1667","wt_ATTTCTGAGGTGATCG","pMos"
"1668","wt_CAACCAACACTCTAGA","cMos"
"1669","wt_CAACCTCAGACTCTTG","pMos"
"1670","wt_CAACCTCGTACGACAG","cMos"
"1671","wt_CAACGATTCTTCCCAG","pMos"
"1672","wt_CAAGAGGTCAAGCGTT","pMos"
"1673","wt_CAAGAGGTCGTGTTCC","cMos"
"1674","wt_CAAGGGATCGTTATCT","pMos"
"1675","wt_CAATCGAGTACACTCA","cMos"
"1676","wt_CACAACAAGTTGGCGA","pMos"
"1677","wt_CACAACACAAATGAAC","cMos"
"1678","wt_CACAGGCCATAGAGGC","cMos"
"1679","wt_CACCAAAGTTGCTCGG","pMos"
"1680","wt_CACGGGTTCTTCACAT","cMos"
"1681","wt_CACGTTCAGTTGTAGA","cMos"
"1682","wt_CACTGGGTCTACTTCA","pMos"
"1683","wt_CACTGTCGTAGCTTAC","pMos"
"1684","wt_CACTGTCGTCTCTCAC","cMos"
"1685","wt_CACTGTCTCCCTGTTG","pMos"
"1686","wt_CAGAGCCCATCTGCGG","cMos"
"1687","wt_CAGCAATAGTACAACA","cMos"
"1688","wt_CAGGCCAAGAGCCGTA","pMos"
"1689","wt_CAGGCCAAGTGCTACT","cMos"
"1690","wt_CAGTGCGAGTTGGCTT","pMos"
"1691","wt_CAGTGCGCACTAAACC","cMos"
"1692","wt_CAGTTAGAGAAATTGC","cMos"
"1693","wt_CAGTTAGAGACATCAA","pMos"
"1694","wt_CATAAGCCATCCAATG","pMos"
"1695","wt_CATAAGCTCTAGACCA","cMos"
"1696","wt_CATACCCAGCAAGGAA","pMos"
"1697","wt_CATACCCCAGGTCTCG","cMos"
"1698","wt_CATACCCGTCCTCCTA","pMos"
"1699","wt_CATACCCGTCTCGACG","cMos"
"1700","wt_CATCCCAAGAGGGTAA","pMos"
"1701","wt_CATCCCAAGCATTTGC","pMos"
"1702","wt_CATCCCATCGACATAC","cMos"
"1703","wt_CATCGCTAGGTCCAGA","pMos"
"1704","wt_CATCGGGCAAATGGAT","pMos"
"1705","wt_CATCGGGCAAGGTACG","cMos"
"1706","wt_CATCGGGCATCACGGC","pMos"
"1707","wt_CATGAGTCAACCGTAT","pMos"
"1708","wt_CATGAGTTCAGAGCGA","pMos"
"1709","wt_CATGCAACAATGCTCA","cMos"
"1710","wt_CATGCGGGTAGGGTAC","pMos"
"1711","wt_CATGCTCTCGTCGGGT","pMos"
"1712","wt_CATGGATGTGTAGCAG","cMos"
"1713","wt_CATGGATTCGGCTATA","cMos"
"1714","wt_CATTCATCATCCGGCA","pMos"
"1715","wt_CATTCCGCAAGAAATC","cMos"
"1716","wt_CATTCCGTCTTCTCAA","cMos"
"1717","wt_CCAAGCGGTTTACTTC","pMos"
"1718","wt_CCAATGAAGTATCCTG","pMos"
"1719","wt_CCACAAATCGCAGTCG","cMos"
"1720","wt_CCACACTAGTTGTAAG","cMos"
"1721","wt_CCACGTTAGCCAGAGT","pMos"
"1722","wt_CCACGTTGTGGTCTGC","cMos"
"1723","wt_CCATAAGCAGAGGGTT","cMos"
"1724","wt_CCCATTGAGTTCATGC","pMos"
"1725","wt_CCCATTGTCGCCTTTG","cMos"
"1726","wt_CCCGAAGCAACGGCTC","pMos"
"1727","wt_CCCGAAGTCCTATTGT","cMos"
"1728","wt_CCCGAAGTCGGTCTAA","pMos"
"1729","wt_CCCTAACAGGGATCTG","pMos"
"1730","wt_CCCTAACCAAGTGGGT","cMos"
"1731","wt_CCCTAACTCAGCCTCT","pMos"
"1732","wt_CCCTCAATCAGGTAAA","cMos"
"1733","wt_CCGAACGCACATAACC","pMos"
"1734","wt_CCGAACGTCGAGCCTG","cMos"
"1735","wt_CCGATCTGTGACCGAA","cMos"
"1736","wt_CCGATGGGTATACGGG","cMos"
"1737","wt_CCGATGGTCTAACACG","pMos"
"1738","wt_CCGCAAGGTGAGCCAA","pMos"
"1739","wt_CCGCAAGGTGGCGCTT","cMos"
"1740","wt_CCGCAAGTCCGTACGG","cMos"
"1741","wt_CCGGACAAGGGCAAGG","pMos"
"1742","wt_CCGGACATCGAGAACG","cMos"
"1743","wt_CCGGTGACACATGACT","cMos"
"1744","wt_CCGTAGGAGACGCCAA","cMos"
"1745","wt_CCTAACCAGTTGGCTT","cMos"
"1746","wt_CCTAAGATCTTAGCTT","cMos"
"1747","wt_CCTACGTTCAGTAGGG","cMos"
"1748","wt_CCTATCGGTACCCACG","cMos"
"1749","wt_CCTCATGGTGCCTGAC","pMos"
"1750","wt_CCTCCAACACGTACTA","cMos"
"1751","wt_CCTCTAGTCATCCCGT","pMos"
"1752","wt_CCTCTCCTCGTTCCCA","pMos"
"1753","wt_CCTTGTGGTTTGTGGT","cMos"
"1754","wt_CCTTTGGTCTAGGAAA","pMos"
"1755","wt_CGAGGAATCATGACAC","pMos"
"1756","wt_CGAGGCTCACTACACA","pMos"
"1757","wt_CGAGTGCCATGCGTGC","cMos"
"1758","wt_CGAGTTATCCTTACCG","pMos"
"1759","wt_CGATGGCAGGGAGAAT","cMos"
"1760","wt_CGATGGCGTGGTTTGT","pMos"
"1761","wt_CGCATGGAGACGCCAA","pMos"
"1762","wt_CGCATGGAGTCCCAGC","cMos"
"1763","wt_CGCCAGAAGTAGGATT","pMos"
"1764","wt_CGCCAGACACTGGCCA","pMos"
"1765","wt_CGCCATTGTCGTACAT","pMos"
"1766","wt_CGCGTGATCTTAGCTT","cMos"
"1767","wt_CGGAACCAGAAATTCG","cMos"
"1768","wt_CGGAATTCAAGGATGC","pMos"
"1769","wt_CGGAATTTCAGGTAAA","cMos"
"1770","wt_CGGACACAGGATCATA","pMos"
"1771","wt_CGGACACTCTGGGATT","pMos"
"1772","wt_CGGAGAAAGCATAGGC","cMos"
"1773","wt_CGGAGAACATGTTCAG","pMos"
"1774","wt_CGGCAGTTCAGTCAGT","cMos"
"1775","wt_CGGGACTCATTAAGCC","pMos"
"1776","wt_CGGGCATTCTGGTGCG","pMos"
"1777","wt_CGTAAGTCAGGCTTGC","pMos"
"1778","wt_CGTAGTAAGGTTCTTG","pMos"
"1779","wt_CGTAGTAGTGATTCAC","pMos"
"1780","wt_CGTCCATCACAATGCT","cMos"
"1781","wt_CGTGAATGTCATCAGT","cMos"
"1782","wt_CGTGATAAGCCTAACT","cMos"
"1783","wt_CGTGTCTAGATGCAGC","cMos"
"1784","wt_CGTGTCTTCTCATTTG","cMos"
"1785","wt_CGTTAGACAAGCGAGT","cMos"
"1786","wt_CGTTAGAGTTCCCAAA","pMos"
"1787","wt_CGTTGGGGTCACAATC","cMos"
"1788","wt_CTAACCCCACAACGAG","pMos"
"1789","wt_CTACAGACACATAACC","cMos"
"1790","wt_CTACAGATCGTTCATT","cMos"
"1791","wt_CTACATTTCGTAGCCG","pMos"
"1792","wt_CTACCTGCAAGGGCAT","cMos"
"1793","wt_CTACGGGCATCGCTAA","cMos"
"1794","wt_CTACTATGTCCATACA","pMos"
"1795","wt_CTATAGGGTGCAACAG","pMos"
"1796","wt_CTCAATTCATTGACCA","cMos"
"1797","wt_CTCAATTTCGCATGAT","cMos"
"1798","wt_CTCAGGGGTTAAGTCC","pMos"
"1799","wt_CTCATCGCACGAAGAC","pMos"
"1800","wt_CTCATCGGTAGACACG","cMos"
"1801","wt_CTCATGCGTCCTACAA","cMos"
"1802","wt_CTCCACACACGCTATA","cMos"
"1803","wt_CTCCATGAGTTGTCAC","cMos"
"1804","wt_CTCCCAACAATGTCTG","pMos"
"1805","wt_CTCCTCCCACGTCGGT","cMos"
"1806","wt_CTCCTCCCAGCTGTGC","pMos"
"1807","wt_CTCGAGGTCCTAGAGT","cMos"
"1808","wt_CTCTCAGGTACGATCT","pMos"
"1809","wt_CTCTCAGTCGCGAAGA","cMos"
"1810","wt_CTCTCGACATGGCTAT","pMos"
"1811","wt_CTGAATGCACCGCTGA","pMos"
"1812","wt_CTGAATGGTGACATCT","pMos"
"1813","wt_CTGAGCGAGCTGTACT","pMos"
"1814","wt_CTGAGGCAGTCACTGT","pMos"
"1815","wt_CTGATCCAGTCGAAAT","cMos"
"1816","wt_CTGATCCGTGCACATT","pMos"
"1817","wt_CTGCAGGCAAGATGGC","pMos"
"1818","wt_CTGCAGGTCGTCGACG","pMos"
"1819","wt_CTGCATCTCGAGCCTG","cMos"
"1820","wt_CTGCCATAGCTGAAAT","pMos"
"1821","wt_CTGCCATAGCTGCCAC","cMos"
"1822","wt_CTGCCATTCGTACACA","cMos"
"1823","wt_CTGCGAGAGAGAGGGC","cMos"
"1824","wt_CTGCGAGTCCGCACGA","cMos"
"1825","wt_CTGCGAGTCGTGCGAC","cMos"
"1826","wt_CTGCTCATCACAATGC","cMos"
"1827","wt_CTGGCAGAGATACGAT","pMos"
"1828","wt_CTGGCAGCAGGATTCT","pMos"
"1829","wt_CTGGCAGGTAGACACG","cMos"
"1830","wt_CTGGTCTAGGTAGCAC","pMos"
"1831","wt_CTGTAGAAGGTCGAGT","cMos"
"1832","wt_CTGTATTAGTGATCGG","pMos"
"1833","wt_CTGTATTGTGTTCATG","cMos"
"1834","wt_CTGTCGTCAATCTAGC","pMos"
"1835","wt_CTGTGAAGTCAGGTAG","cMos"
"1836","wt_CTGTGGGAGCCAGAGT","pMos"
"1837","wt_CTGTGGGCATCGGTTA","pMos"
"1838","wt_CTTACCGAGTGCTAGG","pMos"
"1839","wt_CTTAGGAGTCATGGCC","cMos"
"1840","wt_CTTCAATAGCAATTCC","cMos"
"1841","wt_CTTCAATTCAGCTCTC","cMos"
"1842","wt_CTTCCGAGTTCGATTG","pMos"
"1843","wt_CTTCCTTAGGTAAGGA","cMos"
"1844","wt_CTTCTAAAGCTAGAAT","cMos"
"1845","wt_CTTCTAAGTGCTCTTC","cMos"
"1846","wt_CTTGAGAAGGGATGTC","pMos"
"1847","wt_CTTGATTCAATCGTCA","pMos"
"1848","wt_CTTTCAACAGCAGTTT","pMos"
"1849","wt_CTTTCAACATGGCCAC","cMos"
"1850","wt_CTTTCAACATTAGGAA","cMos"
"1851","wt_CTTTCAATCCGAGTGC","pMos"
"1852","wt_CTTTCAATCTTCCAGC","cMos"
"1853","wt_GAAACCTAGTCTAACC","pMos"
"1854","wt_GAAACCTGTTACGTAC","pMos"
"1855","wt_GAACTGTGTAGTCGTT","pMos"
"1856","wt_GAACTGTGTTCGTAAC","cMos"
"1857","wt_GAAGAATAGGCATCTT","cMos"
"1858","wt_GAAGAATGTTTGATCG","pMos"
"1859","wt_GAAGCCCAGCTCGGCT","cMos"
"1860","wt_GAAGCCCCAGACGATG","cMos"
"1861","wt_GAAGCCCCATCTCATT","pMos"
"1862","wt_GAAGCGAAGCGCGTTC","pMos"
"1863","wt_GAAGCGACAAGATGTA","cMos"
"1864","wt_GAAGGGTGTAACAAGT","cMos"
"1865","wt_GAATAGAGTACCTTCC","cMos"
"1866","wt_GAATCACAGTGTACCT","cMos"
"1867","wt_GAATCGTAGTGTCATC","cMos"
"1868","wt_GAATCGTCAACCGTAT","cMos"
"1869","wt_GACACGCAGGTGCCTC","cMos"
"1870","wt_GACAGCCGTTTAGTCG","pMos"
"1871","wt_GACCAATCACGGCACT","pMos"
"1872","wt_GACCAATTCGCTAATG","pMos"
"1873","wt_GACCAATTCTAGCATG","cMos"
"1874","wt_GACCCTTCACGGATCC","cMos"
"1875","wt_GACCCTTTCAGCCTCT","cMos"
"1876","wt_GACCCTTTCGTTGTAG","pMos"
"1877","wt_GACCGTGAGCAGCACA","cMos"
"1878","wt_GACCGTGCACCATAAC","pMos"
"1879","wt_GACGCTGAGAGAATCT","pMos"
"1880","wt_GACTATGAGTTCTACG","pMos"
"1881","wt_GACTATGGTTCCGCGA","pMos"
"1882","wt_GACTCTCAGAGCATCG","pMos"
"1883","wt_GACTGATAGAGGCGGA","cMos"
"1884","wt_GACTGATTCCGCACTT","pMos"
"1885","wt_GAGAAATAGGCACGAT","pMos"
"1886","wt_GAGAAATGTCCTCATC","pMos"
"1887","wt_GAGACTTCAATTTCTC","cMos"
"1888","wt_GAGACTTGTGTATACC","pMos"
"1889","wt_GAGAGGTAGGGCGAAG","pMos"
"1890","wt_GAGATGGAGGGTCTTT","cMos"
"1891","wt_GAGATGGAGGTGCTGA","cMos"
"1892","wt_GAGATGGGTTCTGAGT","pMos"
"1893","wt_GAGCTGCTCATGAGGG","cMos"
"1894","wt_GAGGCAAAGCGCGTTC","pMos"
"1895","wt_GAGGCAACAAGGCGTA","pMos"
"1896","wt_GAGGCCTGTGCAACGA","cMos"
"1897","wt_GAGGCCTTCTCGCTTG","cMos"
"1898","wt_GAGGGATAGCCGAACA","cMos"
"1899","wt_GAGTCATGTAGCGCTC","cMos"
"1900","wt_GAGTGTTCATAGAATG","cMos"
"1901","wt_GAGTGTTTCTAGACAC","pMos"
"1902","wt_GAGTTTGAGCCGTCGT","pMos"
"1903","wt_GATAGAACAGGAAGTC","pMos"
"1904","wt_GATAGAAGTCACGCTG","pMos"
"1905","wt_GATCACAAGAGGTCGT","pMos"
"1906","wt_GATCACAGTAAGAACT","pMos"
"1907","wt_GATCACATCCTGGGAC","cMos"
"1908","wt_GATCCCTCAACAGTGG","pMos"
"1909","wt_GATCCCTCACTGGCGT","pMos"
"1910","wt_GATCGTACAATCCTTT","pMos"
"1911","wt_GATGAGGAGCTAAGTA","pMos"
"1912","wt_GATGAGGCACATTCGA","pMos"
"1913","wt_GATGATCAGAGGGTAA","cMos"
"1914","wt_GATGCTAAGTATGAGT","cMos"
"1915","wt_GATTCTTGTTGATGTC","cMos"
"1916","wt_GATTGGTGTCTTGCGG","cMos"
"1917","wt_GCAACATGTATTGGCT","pMos"
"1918","wt_GCAACCGAGTGGTCAG","pMos"
"1919","wt_GCACTAACAAATGCTC","cMos"
"1920","wt_GCAGCCAAGGGACCAT","pMos"
"1921","wt_GCAGCTGTCCACTTCG","cMos"
"1922","wt_GCAGGCTGTCCAGCAC","pMos"
"1923","wt_GCAGTTACACGACCTG","pMos"
"1924","wt_GCATCGGTCTATCGCC","cMos"
"1925","wt_GCATCTCAGGTAAGAG","pMos"
"1926","wt_GCATCTCGTCCTGGTG","pMos"
"1927","wt_GCCAGCAAGAGAGAAC","cMos"
"1928","wt_GCCAGGTTCTCAACGA","cMos"
"1929","wt_GCCAGTGCAGAACATA","cMos"
"1930","wt_GCCAGTGGTCATCGCG","pMos"
"1931","wt_GCCATTCCATCTTTCA","pMos"
"1932","wt_GCCGTGAGTCAAGTTC","pMos"
"1933","wt_GCCGTGAGTCACCTTC","pMos"
"1934","wt_GCCTGTTGTTATTCCT","cMos"
"1935","wt_GCGATCGAGACAGCTG","pMos"
"1936","wt_GCGATCGTCCGTGTGG","pMos"
"1937","wt_GCGGAAATCATGCTAG","cMos"
"1938","wt_GCGGATCAGGTCCGAA","cMos"
"1939","wt_GCGGATCCACCGTGAC","pMos"
"1940","wt_GCGGATCTCTGTGCGG","cMos"
"1941","wt_GCGTGCAGTACTAAGA","cMos"
"1942","wt_GCGTTTCGTGGTTCTA","pMos"
"1943","wt_GCGTTTCTCTCTCGCA","pMos"
"1944","wt_GCTACAAAGCGGTAAC","cMos"
"1945","wt_GCTACAAGTTGGCCGT","cMos"
"1946","wt_GCTACAATCGCCACTT","cMos"
"1947","wt_GCTACCTAGAGTCCGA","pMos"
"1948","wt_GCTACCTCAAACCGGA","cMos"
"1949","wt_GCTACCTCAGTCGAGA","cMos"
"1950","wt_GCTCAAAAGGCCTTCG","pMos"
"1951","wt_GCTGGGTCAAAGCGTG","pMos"
"1952","wt_GCTGGGTCATCGGATT","cMos"
"1953","wt_GCTTCACAGTCGAATA","pMos"
"1954","wt_GCTTGGGCAACGATCT","cMos"
"1955","wt_GCTTGGGGTATCGTAC","pMos"
"1956","wt_GGAATCTAGGATTTAG","pMos"
"1957","wt_GGAATCTAGGCCGCTT","pMos"
"1958","wt_GGAATCTGTACGGTTT","pMos"
"1959","wt_GGAGAACGTGATCATC","cMos"
"1960","wt_GGAGCAACACCATATG","cMos"
"1961","wt_GGAGCAAGTCATAGTC","pMos"
"1962","wt_GGAGGATAGGCCTTGC","pMos"
"1963","wt_GGATCTACAGAGGGTT","pMos"
"1964","wt_GGCACGTAGGGCTTCC","cMos"
"1965","wt_GGCAGTCCACCTCTAC","cMos"
"1966","wt_GGCGTCATCCGTAGGC","cMos"
"1967","wt_GGCTTGGAGTCACTGT","cMos"
"1968","wt_GGGACCTAGGACTGGT","pMos"
"1969","wt_GGGACTCAGTAGACAT","pMos"
"1970","wt_GGGACTCCATCGAACT","cMos"
"1971","wt_GGGACTCGTATCCCAA","pMos"
"1972","wt_GGGATCCAGATACATG","pMos"
"1973","wt_GGGATGAGTTACACAC","pMos"
"1974","wt_GGGCGTTTCCGTTTCG","pMos"
"1975","wt_GGGCGTTTCTGGCTGG","pMos"
"1976","wt_GGGTGAACACAAACGG","cMos"
"1977","wt_GGGTGAACATAATCGC","pMos"
"1978","wt_GGGTGAATCTGCACCT","pMos"
"1979","wt_GGGTTATTCTAGAACC","pMos"
"1980","wt_GGGTTATTCTTGATTC","cMos"
"1981","wt_GGGTTTAAGGATTTCC","pMos"
"1982","wt_GGGTTTAAGGTTGAGC","pMos"
"1983","wt_GGTAACTGTCTTACAG","cMos"
"1984","wt_GGTAATCTCGACCATA","pMos"
"1985","wt_GGTAGAGGTCTCCTGT","cMos"
"1986","wt_GGTCACGAGAATTGTG","cMos"
"1987","wt_GGTCTGGGTTAGCTAC","pMos"
"1988","wt_GGTCTGGTCGATGCAT","cMos"
"1989","wt_GGTGAAGAGACCTGGA","pMos"
"1990","wt_GGTGTCGCAGGCGATA","cMos"
"1991","wt_GGTGTCGTCTTGGTGA","pMos"
"1992","wt_GGTGTTACAGTAGTGG","pMos"
"1993","wt_GGTTCTCAGGTGCTAG","pMos"
"1994","wt_GGTTGTAAGATTCGAA","pMos"
"1995","wt_GGTTGTACAGGTGACA","pMos"
"1996","wt_GTAACACAGTTCCATG","pMos"
"1997","wt_GTAACCACAATAGGAT","pMos"
"1998","wt_GTAACCACATGGAAGC","cMos"
"1999","wt_GTAATCGCACAGTCCG","pMos"
"2000","wt_GTAATCGTCACTGTCC","cMos"
"2001","wt_GTACAGTGTTGTTGAC","cMos"
"2002","wt_GTAGGAGGTGAGTCAG","cMos"
"2003","wt_GTAGTACCAATGTGGG","cMos"
"2004","wt_GTATTGGTCTATTCGT","pMos"
"2005","wt_GTATTTCTCAGACCGC","cMos"
"2006","wt_GTCACTCAGTATTCCG","cMos"
"2007","wt_GTCAGCGGTTAGGCTT","pMos"
"2008","wt_GTCATCCCAAGGCAAC","pMos"
"2009","wt_GTCATCCCATATGGCT","cMos"
"2010","wt_GTCATGAAGCATCAAA","pMos"
"2011","wt_GTCATGATCCACGTGG","pMos"
"2012","wt_GTCATGATCGTTTACT","pMos"
"2013","wt_GTCCACTCATGGGCAA","cMos"
"2014","wt_GTCCCATGTAAGTTGA","pMos"
"2015","wt_GTCCTCATCTGAGAGG","cMos"
"2016","wt_GTCGCGACATAGAGGC","pMos"
"2017","wt_GTCGTAACAAATGAAC","cMos"
"2018","wt_GTCGTAATCTACACTT","cMos"
"2019","wt_GTCTAGATCTATTTCG","pMos"
"2020","wt_GTCTGTCGTTCAAGTC","cMos"
"2021","wt_GTCTTTAGTCCATACA","pMos"
"2022","wt_GTGAGGAAGCCTCGTG","cMos"
"2023","wt_GTGAGTTAGGTCTTTG","pMos"
"2024","wt_GTGATGTGTGCATTTG","pMos"
"2025","wt_GTGATGTGTGCTATTG","pMos"
"2026","wt_GTGCAGCAGCCTTTCC","cMos"
"2027","wt_GTGCTGGAGTGCTCGC","cMos"
"2028","wt_GTGCTTCAGTGCACCC","cMos"
"2029","wt_GTGGGAAAGAGAGTGA","pMos"
"2030","wt_GTGGGAAGTGTTGAGG","pMos"
"2031","wt_GTGGGAATCTCGGTCT","cMos"
"2032","wt_GTGTAACGTTGCATGT","cMos"
"2033","wt_GTGTCCTAGCTCCATA","pMos"
"2034","wt_GTGTGATGTAGGACTG","cMos"
"2035","wt_GTGTGATGTGCTATTG","cMos"
"2036","wt_GTGTGATGTTGATCGT","cMos"
"2037","wt_GTGTGGCGTGTAGCAG","cMos"
"2038","wt_GTGTTAGGTCCTGGTG","pMos"
"2039","wt_GTGTTCCAGACTCTAC","cMos"
"2040","wt_GTGTTCCAGTTAACAG","cMos"
"2041","wt_GTGTTCCCACAGTCGC","pMos"
"2042","wt_GTTACAGTCGCGAAGA","pMos"
"2043","wt_GTTAGACCACAGACGA","cMos"
"2044","wt_GTTAGTGTCCTATGGA","pMos"
"2045","wt_GTTATGGAGACGAAGA","cMos"
"2046","wt_GTTATGGCAAATGGAT","cMos"
"2047","wt_GTTCATTAGCACTAAA","pMos"
"2048","wt_GTTCCGTTCGGTATGT","cMos"
"2049","wt_GTTCTATCAGATCCAT","pMos"
"2050","wt_GTTGAACCAGAGCTAG","cMos"
"2051","wt_GTTGCTCTCCTACCGT","cMos"
"2052","wt_GTTGTAGCAGGTTTAC","pMos"
"2053","wt_GTTGTGAGTTCGGTTA","pMos"
"2054","wt_TAACCAGAGGTTAGTA","pMos"
"2055","wt_TAACCAGTCCCATTTA","pMos"
"2056","wt_TAACTTCAGTGGATAT","cMos"
"2057","wt_TAACTTCTCGTGCAGC","pMos"
"2058","wt_TAAGCCAGTATTGGCT","pMos"
"2059","wt_TAAGCGTTCAATCCGA","cMos"
"2060","wt_TAAGTCGAGAAGTCTA","pMos"
"2061","wt_TAATCTCGTAGAGGAA","cMos"
"2062","wt_TAATCTCGTGATCATC","cMos"
"2063","wt_TACACCCGTGGAGAAA","pMos"
"2064","wt_TACCCACGTGAGATAT","pMos"
"2065","wt_TACCGAAGTCACGCTG","pMos"
"2066","wt_TACCGGGAGATGACCG","cMos"
"2067","wt_TACGCTCAGTGTACAA","cMos"
"2068","wt_TACGCTCTCGAGTGGA","cMos"
"2069","wt_TACGGGCGTGCCGGTT","pMos"
"2070","wt_TACGGGCTCGTTCCTG","cMos"
"2071","wt_TACTGCCCAACAAGAT","cMos"
"2072","wt_TACTTCATCGCTGCGA","pMos"
"2073","wt_TAGACTGTCCTCGATC","cMos"
"2074","wt_TAGAGTCGTCATCCGG","cMos"
"2075","wt_TAGAGTCTCCTCTCTT","cMos"
"2076","wt_TAGCACATCCAAAGGG","pMos"
"2077","wt_TAGGAGGCAACACACT","pMos"
"2078","wt_TAGGAGGTCTGGTGGC","cMos"
"2079","wt_TAGGTACAGCCTCTTC","cMos"
"2080","wt_TAGGTACGTACCACGC","cMos"
"2081","wt_TAGGTACGTACTGACT","pMos"
"2082","wt_TAGGTACTCGCAATTG","cMos"
"2083","wt_TAGGTTGGTATTTCTC","cMos"
"2084","wt_TATATCCCATTCGGGC","cMos"
"2085","wt_TATATCCTCGAGAAAT","cMos"
"2086","wt_TATCTGTCATGAGTAA","pMos"
"2087","wt_TATTGCTCAGAACGCA","pMos"
"2088","wt_TATTGCTTCATGAGGG","cMos"
"2089","wt_TATTTCGAGCTGTTAC","cMos"
"2090","wt_TCAAGCAAGTGCGTCC","pMos"
"2091","wt_TCAAGCACACAGCATT","pMos"
"2092","wt_TCAAGTGAGACTCAAA","pMos"
"2093","wt_TCAATCTTCATCTATC","cMos"
"2094","wt_TCACAAGGTACGCGTC","cMos"
"2095","wt_TCACGGGTCCAGGACC","cMos"
"2096","wt_TCACTCGGTTGCTAGT","pMos"
"2097","wt_TCAGGGCAGCACTCTA","cMos"
"2098","wt_TCAGGGCAGTTACGTC","pMos"
"2099","wt_TCAGGTATCTGGTGCG","cMos"
"2100","wt_TCAGTCCGTATGAGAT","pMos"
"2101","wt_TCATCATAGTCAAGCG","cMos"
"2102","wt_TCATCATCAACTTGCA","pMos"
"2103","wt_TCATCCGCATTAAAGG","cMos"
"2104","wt_TCATGAGAGCGCACAA","cMos"
"2105","wt_TCATGCCGTACACGTT","cMos"
"2106","wt_TCATGTTCAGCGTGAA","cMos"
"2107","wt_TCATGTTGTTAACAGA","cMos"
"2108","wt_TCATTACTCACGAGGA","pMos"
"2109","wt_TCATTGTTCAAGGTGG","cMos"
"2110","wt_TCATTTGGTCGAGTGA","cMos"
"2111","wt_TCATTTGGTGCCAAGA","pMos"
"2112","wt_TCATTTGTCATGAAAG","cMos"
"2113","wt_TCATTTGTCGGCTCTT","pMos"
"2114","wt_TCCACCATCTTCGGTC","cMos"
"2115","wt_TCCAGAACATACCATG","cMos"
"2116","wt_TCCATCGTCCTGTTGC","pMos"
"2117","wt_TCCATGCTCTCATAGG","pMos"
"2118","wt_TCCCATGGTATTGGCT","cMos"
"2119","wt_TCCGAAAGTGCGGATA","pMos"
"2120","wt_TCCGGGAAGCTCGTGC","cMos"
"2121","wt_TCCGGGAGTGTATTGC","cMos"
"2122","wt_TCCGTGTTCATAGCAC","pMos"
"2123","wt_TCCTAATGTAGGCTGA","cMos"
"2124","wt_TCCTGCAGTATTCCTT","cMos"
"2125","wt_TCCTTCTTCGCAGTCG","pMos"
"2126","wt_TCGAACACAGCGGTCT","pMos"
"2127","wt_TCGAAGTCAGCTCTGG","cMos"
"2128","wt_TCGACCTTCAGTCATG","cMos"
"2129","wt_TCGACGGAGCATTTGC","pMos"
"2130","wt_TCGCACTAGACACACG","pMos"
"2131","wt_TCGCAGGAGGAGATAG","cMos"
"2132","wt_TCGCAGGAGTGGAATT","cMos"
"2133","wt_TCGCAGGTCATTTCGT","pMos"
"2134","wt_TCGCTCAGTTGCTCCT","cMos"
"2135","wt_TCGGGACCAGGGATAC","cMos"
"2136","wt_TCGGGACGTCCGATCG","cMos"
"2137","wt_TCGGGTGAGAAGCGCT","cMos"
"2138","wt_TCGGTCTAGACCGTTT","pMos"
"2139","wt_TCGTCCATCGCGTTTC","cMos"
"2140","wt_TCGTGCTGTGAGTTTC","pMos"
"2141","wt_TCTAACTTCAACTGAC","cMos"
"2142","wt_TCTCAGCTCAAGGCTT","pMos"
"2143","wt_TCTCAGCTCTGTGCGG","cMos"
"2144","wt_TCTCCGAAGTCTCCTC","cMos"
"2145","wt_TCTCCGAGTCATTCCC","pMos"
"2146","wt_TCTCTGGAGCCGAACA","cMos"
"2147","wt_TCTTGCGGTGAGATTA","cMos"
"2148","wt_TCTTGCGGTTGGGCCT","cMos"
"2149","wt_TCTTTGACAAGGTTGG","cMos"
"2150","wt_TGAATCGAGTGTTCAC","cMos"
"2151","wt_TGAATCGTCATCGCTC","cMos"
"2152","wt_TGAATGCGTCCCTGAG","cMos"
"2153","wt_TGACTCCGTCGTTGCG","pMos"
"2154","wt_TGACTCCGTGGTCTGC","pMos"
"2155","wt_TGAGACTGTCACCGAC","pMos"
"2156","wt_TGAGCATCATGAGTAA","cMos"
"2157","wt_TGAGCATGTCGAGCTC","cMos"
"2158","wt_TGAGGAGTCCATCGTC","cMos"
"2159","wt_TGAGGGAGTACAAAGT","pMos"
"2160","wt_TGAGGTTCAATCGCGC","cMos"
"2161","wt_TGATGGTTCCACGGAC","cMos"
"2162","wt_TGCACGGCAGTGCCTG","cMos"
"2163","wt_TGCACGGGTTGGGTAG","cMos"
"2164","wt_TGCAGATAGTGGCAGT","pMos"
"2165","wt_TGCAGATCATTCACCC","pMos"
"2166","wt_TGCATGACAACTCGAT","cMos"
"2167","wt_TGCGACGTCAATCAGC","pMos"
"2168","wt_TGCGACGTCATTCCTA","cMos"
"2169","wt_TGCGACGTCGGAATTC","pMos"
"2170","wt_TGCGATAAGAGAATCT","pMos"
"2171","wt_TGCGGGTAGAAGATCT","cMos"
"2172","wt_TGCGGGTAGATTAGTG","pMos"
"2173","wt_TGCTCCACAAGAAACT","pMos"
"2174","wt_TGCTGAACACCAATTG","pMos"
"2175","wt_TGCTGAATCGAAACAA","cMos"
"2176","wt_TGCTTCGCACCCAAGC","pMos"
"2177","wt_TGCTTCGTCCCTTGGT","cMos"
"2178","wt_TGGATGTAGTGGAAAG","pMos"
"2179","wt_TGGATGTTCGAGGCAA","pMos"
"2180","wt_TGGCGTGTCGTAGAGG","cMos"
"2181","wt_TGGGCTGGTGGGACAT","pMos"
"2182","wt_TGGGCTGTCATGCAGT","cMos"
"2183","wt_TGGTACAAGAGCAGTC","pMos"
"2184","wt_TGGTGATCATTCTCCG","pMos"
"2185","wt_TGTAAGCCACAGCTGC","cMos"
"2186","wt_TGTACAGGTTCGTACA","cMos"
"2187","wt_TGTCAGACACCTTCGT","pMos"
"2188","wt_TGTCAGATCCATCAGA","cMos"
"2189","wt_TGTCCCACATTGACTG","pMos"
"2190","wt_TGTGAGTTCTCATTGT","pMos"
"2191","wt_TGTGATGCATACCAGT","pMos"
"2192","wt_TGTGATGGTATCGAGG","cMos"
"2193","wt_TGTGATGTCCCATAGA","pMos"
"2194","wt_TGTGTGAGTGTCTCCT","pMos"
"2195","wt_TGTTCCGGTATCTTCT","cMos"
"2196","wt_TGTTCCGTCTTACGTT","pMos"
"2197","wt_TGTTCTAAGAAGTATC","pMos"
"2198","wt_TGTTCTATCCTGTACC","cMos"
"2199","wt_TGTTGAGAGCCGAATG","cMos"
"2200","wt_TGTTGAGCAGCGCTTG","cMos"
"2201","wt_TGTTGAGCATGACTCA","cMos"
"2202","wt_TGTTGAGGTCTACAAC","pMos"
"2203","wt_TGTTGGACAGATTTCG","cMos"
"2204","wt_TGTTTGTAGCAGCAGT","pMos"
"2205","wt_TTAATCCAGAGATGCC","pMos"
"2206","wt_TTAATCCAGCCGTCGT","cMos"
"2207","wt_TTACAGGTCCCAGGAC","pMos"
"2208","wt_TTACAGGTCGCGTTTC","cMos"
"2209","wt_TTACCATGTATCTCTT","pMos"
"2210","wt_TTACCATGTCCCAAAT","cMos"
"2211","wt_TTACCGCCACGAAAGC","pMos"
"2212","wt_TTAGGGTGTATGAGCG","pMos"
"2213","wt_TTAGTCTAGTAGTCTC","cMos"
"2214","wt_TTAGTCTTCACGTAGT","pMos"
"2215","wt_TTCACCGAGGTTAGTA","pMos"
"2216","wt_TTCATTGGTCGTACTA","cMos"
"2217","wt_TTCCACGGTGTACGCC","cMos"
"2218","wt_TTCCACGTCAAGTGTC","cMos"
"2219","wt_TTCCGGTTCGAGCCTG","cMos"
"2220","wt_TTCCGTGAGACGATAT","pMos"
"2221","wt_TTCCTAAAGGTCCCTG","pMos"
"2222","wt_TTCCTAATCGGAGTAG","cMos"
"2223","wt_TTCCTCTCAAGACCTT","cMos"
"2224","wt_TTCGATTCAAACTCGT","cMos"
"2225","wt_TTCGATTCATCCGAAT","pMos"
"2226","wt_TTCGATTTCCTAGCGG","cMos"
"2227","wt_TTCGCTGCACATGACT","cMos"
"2228","wt_TTCGCTGGTCACTCTC","pMos"
"2229","wt_TTCGCTGTCGGTCATA","cMos"
"2230","wt_TTCGGTCGTCCACATA","cMos"
"2231","wt_TTCGGTCGTGCCTACG","cMos"
"2232","wt_TTCTAACTCTATCCAT","pMos"
"2233","wt_TTCTAACTCTGTAAGC","cMos"
"2234","wt_TTCTGTACACCTGAAT","pMos"
"2235","wt_TTCTTCCCACATAGCT","cMos"
"2236","wt_TTCTTGAGTACAGAAT","pMos"
"2237","wt_TTCTTGATCTCTATAC","pMos"
"2238","wt_TTGAACGAGTGCCTCG","cMos"
"2239","wt_TTGACCCGTTCCAAAC","cMos"
"2240","wt_TTGATGGAGGTCCCTG","cMos"
"2241","wt_TTGCCTGGTGACGTCC","cMos"
"2242","wt_TTGGATGGTACCAATC","pMos"
"2243","wt_TTGGGCGCATGAGAAT","cMos"
"2244","wt_TTGGGTAAGAATTGCA","pMos"
"2245","wt_TTGGGTATCAAGTGTC","cMos"
"2246","wt_TTGTGTTTCGACCCAG","pMos"
"2247","wt_TTGTTGTCAGAGTCAG","cMos"
"2248","wt_TTGTTTGAGCCAAGGT","cMos"
"2249","wt_TTTACTGCAAGAAATC","cMos"
"2250","wt_TTTACTGTCCAACACA","pMos"
"2251","wt_TTTAGTCCACCAAATC","pMos"
"2252","wt_TTTAGTCCAGTTGAAA","pMos"
"2253","wt_TTTATGCGTGCTGTCG","cMos"
"2254","wt_TTTCAGTCACAACATC","pMos"
"2255","wt_TTTCCTCCAGCTGTTA","pMos"
"2256","wt_TTTCGATGTGGACTAG","cMos"
"2257","wt_TTTGACTGTGTTACAC","cMos"
"2258","wt_TTTGACTTCCGGCAAC","cMos"
"2259","wt_TTTGGAGAGACGCCCT","pMos"
"2260","wt_TTTGTTGTCCGTATAG","cMos"
